experiment_id,date,price,return,volume,momentum_20d,signal,regime
momentum_decay_seed_42,2000-01-03,100.0,-0.010399841062404956,1079156.0170504428,,0,VALID
momentum_decay_seed_42,2000-01-04,98.9600158937595,0.009405647163912139,1206366.318602606,,0,VALID
momentum_decay_seed_42,2000-01-05,99.89079888659134,-0.013021795068623181,614000.9539550641,,0,VALID
momentum_decay_seed_42,2000-01-06,98.5900413742491,-0.003162425923435822,1032476.3094960707,,0,VALID
momentum_decay_seed_42,2000-01-07,98.27825767161455,-0.008530439275735801,995808.5195017541,,0,VALID
momentum_decay_seed_42,2000-01-10,97.43990096242173,0.0077779193542894835,1245889.2023211601,,0,VALID
momentum_decay_seed_42,2000-01-11,98.1977806539974,0.011272412069680328,1016644.6788841834,,0,VALID
momentum_decay_seed_42,2000-01-12,99.30470650185734,-0.008592924628832382,1123981.5486703066,,0,VALID
momentum_decay_seed_42,2000-01-13,98.45138864359855,-0.009588826008289988,1096570.6247086374,,0,VALID
momentum_decay_seed_42,2000-01-14,97.50735540762054,-0.000499259109862529,1245594.063221934,,0,VALID
momentum_decay_seed_42,2000-01-17,97.45867397215468,-0.006809295444039414,954836.0860409248,,0,VALID
momentum_decay_seed_42,2000-01-18,96.79504906749396,-0.0015452948206880217,1357487.1877617275,,0,VALID
momentum_decay_seed_42,2000-01-19,96.64547217950172,-0.003521335504882296,898452.0368503599,,0,VALID
momentum_decay_seed_42,2000-01-20,96.30515104692992,0.0036544406436407836,1142338.2935427502,,0,VALID
momentum_decay_seed_42,2000-01-21,96.65709250510778,0.004308210030078827,1108694.451084392,,0,VALID
momentum_decay_seed_42,2000-01-24,97.07351156051655,-0.004064150163846156,1708151.6854210142,,0,VALID
momentum_decay_seed_42,2000-01-25,96.67899023260276,-0.008137727282478777,879799.989266117,,0,VALID
momentum_decay_seed_42,2000-01-26,95.89224297614442,0.011289722927208916,1166484.8859493337,,0,VALID
momentum_decay_seed_42,2000-01-27,96.97483983021368,-0.00840156476962528,971915.0607364263,,0,VALID
momentum_decay_seed_42,2000-01-28,96.1600994323561,0.0065059278782470115,813735.1748604125,,0,VALID
momentum_decay_seed_42,2000-01-31,96.78571010402808,-0.010639906796807607,1204197.7081117209,-0.03214289895971911,0,VALID
momentum_decay_seed_42,2000-02-01,95.75591916925839,-0.013867231807216284,846726.5965447002,-0.03237769007576696,0,VALID
momentum_decay_seed_42,2000-02-02,94.42804964122521,-0.0251567197814642,1029601.106805564,-0.05468721149750866,0,VALID
momentum_decay_seed_42,2000-02-03,92.05254965689072,-0.030918973885606302,1243409.4892098585,-0.06630985874670625,0,VALID
momentum_decay_seed_42,2000-02-04,89.20637927794584,-0.04547825501469901,1184982.9552969255,-0.09230809141917584,0,VALID
momentum_decay_seed_42,2000-02-07,85.14942881220546,-0.0436871177416146,1074956.1280950888,-0.12613387358589545,0,VALID
momentum_decay_seed_42,2000-02-08,81.4294956900554,-0.053196712163573016,694690.4314899739,-0.17076032525648932,0,VALID
momentum_decay_seed_42,2000-02-09,77.09771424620662,-0.05638877848243342,889057.6800978036,-0.22362477104985323,0,VALID
momentum_decay_seed_42,2000-02-10,72.75026831607532,-0.03505058688765604,933526.8414921957,-0.26105391383115195,0,VALID
momentum_decay_seed_42,2000-02-11,70.20032871536243,-0.040317216454085196,805366.5376471999,-0.28005094157362376,0,VALID
momentum_decay_seed_42,2000-02-14,67.37004686739724,-0.05334885029985775,656575.5952951728,-0.3087321618325547,0,VALID
momentum_decay_seed_42,2000-02-15,63.775932322374054,-0.04413777668640722,1041527.3757262703,-0.3411240250738041,0,VALID
momentum_decay_seed_42,2000-02-16,60.96100446356169,-0.04206652764800075,1194594.3180564735,-0.3692306210648182,0,VALID
momentum_decay_seed_42,2000-02-17,58.39658668384538,-0.05462351792664567,916510.9464116757,-0.39362966519424836,0,VALID
momentum_decay_seed_42,2000-02-18,55.206759684265435,-0.051913043248816154,1239234.648756506,-0.4288390199472628,0,VALID
momentum_decay_seed_42,2000-02-21,52.340808781149164,-0.061332872140034814,726932.5525153938,-0.46081265692629847,0,VALID
momentum_decay_seed_42,2000-02-22,49.13059664846893,-0.045028392559462366,794642.4042462644,-0.491817234227786,0,VALID
momentum_decay_seed_42,2000-02-23,46.91832485590107,-0.04309514645932232,1036247.9342897792,-0.5107182458170973,0,VALID
momentum_decay_seed_42,2000-02-24,44.89637277460995,-0.04841460308923286,898693.5677877726,-0.5370307096849471,0,VALID
momentum_decay_seed_42,2000-02-25,42.72273270658097,-0.05309346539720239,1169291.019024367,-0.5557124736894192,0,VALID
momentum_decay_seed_42,2000-02-28,40.45443477595019,-0.05661925941066651,1120969.3582193416,-0.5820205820418263,0,VALID
momentum_decay_seed_42,2000-02-29,38.16393463905878,-0.05381737893998329,913233.7001539593,-0.6014456863851924,0,VALID
momentum_decay_seed_42,2000-03-01,36.1100517067478,-0.04513027519214419,741589.1381114698,-0.6175918930450626,0,VALID
momentum_decay_seed_42,2000-03-02,34.480395136019716,-0.04987505881272313,889273.3725563955,-0.6254270493914706,0,VALID
momentum_decay_seed_42,2000-03-03,32.7606834007248,-0.04553468823970056,1127707.3351150933,-0.6327540287376723,0,VALID
momentum_decay_seed_42,2000-03-06,31.268935895553266,-0.05098485484509424,1180981.9781105404,-0.6327757410502897,0,VALID
momentum_decay_seed_42,2000-03-07,29.674693737757927,-0.05079718210906399,899582.4407763603,-0.6355780729539511,0,VALID
momentum_decay_seed_42,2000-03-08,28.167302915930335,-0.06447112472423087,655843.1570486117,-0.6346545005733911,0,VALID
momentum_decay_seed_42,2000-03-09,26.3513252164922,-0.05997246827601482,718438.6932797233,-0.6377838071743653,0,VALID
momentum_decay_seed_42,2000-03-10,24.770971200915174,-0.05905479055360061,1105108.5403212334,-0.6471388146720406,0,VALID
momentum_decay_seed_42,2000-03-13,23.308126684835855,-0.03700771702213935,909790.7613339508,-0.6540283439209615,0,VALID
momentum_decay_seed_42,2000-03-14,22.445546128167276,-0.04262484431532914,914785.2023772309,-0.6480561661614022,0,VALID
momentum_decay_seed_42,2000-03-15,21.48880821888161,-0.0520543755786763,791833.2755459736,-0.6474991118014444,0,VALID
momentum_decay_seed_42,2000-03-16,20.370221725117798,-0.05339033075900563,788592.5428845842,-0.6511744455990106,0,VALID
momentum_decay_seed_42,2000-03-17,19.282648849579477,-0.06727320423192348,1233773.0992225013,-0.6507194234934377,0,VALID
momentum_decay_seed_42,2000-03-20,17.98544327538925,-0.047622643976677224,1114722.963583808,-0.6563781933406652,0,VALID
momentum_decay_seed_42,2000-03-21,17.128928913522664,-0.06446057854388455,861967.6923232989,-0.6513592326980939,0,VALID
momentum_decay_seed_42,2000-03-22,16.024788245919922,-0.055294927090638026,1018195.9419133059,-0.658453529721353,0,VALID
momentum_decay_seed_42,2000-03-23,15.138698748218866,-0.04978147854476558,1059894.1586820763,-0.6628079772898672,0,VALID
momentum_decay_seed_42,2000-03-24,14.38507194128874,-0.052393556274730246,1492488.2936902307,-0.6632923263573709,0,VALID
momentum_decay_seed_42,2000-03-27,13.631386865016786,-0.04820724365043684,774239.2279140591,-0.6630434477576603,0,VALID
momentum_decay_seed_42,2000-03-28,12.974255277121557,-0.03640812424759564,1056539.7387962292,-0.6600388455795361,0,VALID
momentum_decay_seed_42,2000-03-29,12.501886978972092,-0.04643128940850491,1232171.1938176367,-0.6537837419757586,0,VALID
momentum_decay_seed_42,2000-03-30,11.92140824649902,-0.06188763054322851,1441703.9646360024,-0.6542554631560646,0,VALID
momentum_decay_seed_42,2000-03-31,11.18362053738469,-0.05926575941405525,852196.7230662585,-0.658626763044349,0,VALID
momentum_decay_seed_42,2000-04-03,10.520814773237962,-0.0637668614755631,907145.474581953,-0.6635378060711647,0,VALID
momentum_decay_seed_42,2000-04-04,9.84993543498284,-0.05222222697098774,1172089.1287720506,-0.6680695166720514,0,VALID
momentum_decay_seed_42,2000-04-05,9.33554987104759,-0.06015579081207542,692323.7585323328,-0.6685678462396283,0,VALID
momentum_decay_seed_42,2000-04-06,8.773962485889154,-0.04161873432105619,1081531.8998013225,-0.6670390421048769,0,VALID
momentum_decay_seed_42,2000-04-07,8.40880127224602,-0.020861375339926706,1647374.3590741022,-0.6605380869388215,0,VALID
momentum_decay_seed_42,2000-04-10,8.233382112746842,-0.05989538120031865,1109159.3192382297,-0.6467591658447851,0,VALID
momentum_decay_seed_42,2000-04-11,7.740240552535985,-0.047322885376561645,586835.0110172997,-0.6551547238664586,0,VALID
momentum_decay_seed_42,2000-04-12,7.373950036081311,-0.05415357260179686,816086.2151096462,-0.6568469520984404,0,VALID
momentum_decay_seed_42,2000-04-13,6.974624297440359,-0.051407908864163854,858108.9555250983,-0.6576068541836146,0,VALID
momentum_decay_seed_42,2000-04-14,6.616073447195761,-0.048429514325546555,1305381.1377301665,-0.6568898029100371,0,VALID
momentum_decay_seed_42,2000-04-17,6.2956602234059265,-0.06035653752825812,961117.4036537502,-0.6499580173250041,0,VALID
momentum_decay_seed_42,2000-04-18,5.915675970866765,-0.05486307909073331,657920.789122456,-0.6546383022118474,0,VALID
momentum_decay_seed_42,2000-04-19,5.591123772201951,-0.03232070086420118,986644.3511115536,-0.6510953101907284,0,VALID
momentum_decay_seed_42,2000-04-20,5.410414733265887,-0.040172604889769425,1033104.7930733598,-0.6426103178846566,0,VALID
momentum_decay_seed_42,2000-04-21,5.19306427989661,-0.06184943766417025,882652.3242959477,-0.638996294138007,0,VALID
momentum_decay_seed_42,2000-04-24,4.871876174431115,-0.05725226064535754,785622.2574503946,-0.642598642187013,0,VALID
momentum_decay_seed_42,2000-04-25,4.592950249860678,-0.058213866792243864,1702533.495429005,-0.64599507626771,0,VALID
momentum_decay_seed_42,2000-04-26,4.325576855831885,-0.059029271780870265,1233212.18889093,-0.654006082193239,0,VALID
momentum_decay_seed_42,2000-04-27,4.0702412039999425,-0.04615049033894137,1262246.7313594788,-0.6585771479476632,0,VALID
momentum_decay_seed_42,2000-04-28,3.8823975766375822,-0.050407625261354345,961597.3467441223,-0.6528496685255483,0,VALID
momentum_decay_seed_42,2000-05-01,3.686695134478845,-0.0455392779851792,848999.2943229051,-0.6495808343801683,0,VALID
momentum_decay_seed_42,2000-05-02,3.518805699903205,-0.06225605763767249,892484.7341350691,-0.6427585009942418,0,VALID
momentum_decay_seed_42,2000-05-03,3.2997387294342606,-0.04827412082277881,726523.5407190962,-0.6465405064496774,0,VALID
momentum_decay_seed_42,2000-05-04,3.1404467433259486,-0.04840008386426562,1484046.9980706065,-0.6420720115481898,0,VALID
momentum_decay_seed_42,2000-05-05,2.988448857577713,-0.047141738603974574,970775.9473710052,-0.6446046516236091,0,VALID
momentum_decay_seed_42,2000-05-08,2.847568182702438,-0.04780617498636144,1386108.8533116882,-0.6541435653406805,0,VALID
momentum_decay_seed_42,2000-05-09,2.71143683987457,-0.03893711289940111,902368.9494284092,-0.6496960499520645,0,VALID
momentum_decay_seed_42,2000-05-10,2.605861317520778,-0.03464244008004008,1113144.740950039,-0.6466125611415732,0,VALID
momentum_decay_seed_42,2000-05-11,2.51558792297167,-0.062244690317205004,1046874.0298343585,-0.639322805689351,0,VALID
momentum_decay_seed_42,2000-05-12,2.3590059317405974,-0.033490720677687505,710319.9335471863,-0.6434432068252707,0,VALID
momentum_decay_seed_42,2000-05-15,2.280001123003665,-0.05179519213282601,1538666.958487344,-0.6378455885330174,0,VALID
momentum_decay_seed_42,2000-05-16,2.161908026774631,-0.035385557077577984,908648.6071958785,-0.6345459018679368,0,VALID
momentum_decay_seed_42,2000-05-17,2.0854077068967234,-0.05894727018955827,758235.3749411714,-0.6270145695459308,0,VALID
momentum_decay_seed_42,2000-05-18,1.962478615342895,-0.0539460512285959,1174487.2844096855,-0.6372776003147018,0,VALID
momentum_decay_seed_42,2000-05-19,1.8566106434245833,-0.05163442898524513,998720.3527676445,-0.6424826377343538,0,VALID
momentum_decay_seed_42,2000-05-22,1.7607456130034262,-0.035925181386862834,1088057.109276173,-0.6385898265961107,0,VALID
momentum_decay_seed_42,2000-05-23,1.6974905074801552,-0.04356061206723143,1022904.5992189527,-0.6304139136861657,0,VALID
momentum_decay_seed_42,2000-05-24,1.6235467819960043,-0.05048718401930118,598970.4434389812,-0.624663522090219,0,VALID
momentum_decay_seed_42,2000-05-25,1.5415784768494278,-0.06218813060423628,809929.9086641365,-0.6212562352976834,0,VALID
momentum_decay_seed_42,2000-05-26,1.445710593194436,-0.05334123440700812,802889.5736559182,-0.627624279931032,0,VALID
momentum_decay_seed_42,2000-05-29,1.3685946055581568,-0.06326392717739564,1257311.4049848288,-0.6287746733493811,0,VALID
momentum_decay_seed_42,2000-05-30,1.2820119360967492,-0.054841694333335786,1007687.2696494982,-0.635668449629937,0,VALID
momentum_decay_seed_42,2000-05-31,1.2117042293656433,-0.039972421746953965,921347.2540224806,-0.632787826940047,0,VALID
momentum_decay_seed_42,2000-06-01,1.1632694768768719,-0.036626018925572566,1143997.673441986,-0.6295847145476858,0,VALID
momentum_decay_seed_42,2000-06-02,1.1206635470012387,-0.05695942611670703,962110.0672770008,-0.625001597681818,0,VALID
momentum_decay_seed_42,2000-06-05,1.0568311944941349,-0.047575032087287784,945572.5100205787,-0.6288653592514977,0,VALID
momentum_decay_seed_42,2000-06-06,1.0065524165052298,-0.06084388072233367,1045132.1529909758,-0.6287752671562166,0,VALID
momentum_decay_seed_42,2000-06-07,0.9453098613346088,-0.047717716698610954,1022880.2734881662,-0.6372370797406907,0,VALID
momentum_decay_seed_42,2000-06-08,0.9002018331790408,-0.0312315538871833,1876425.2601004143,-0.6421505187878187,0,VALID
momentum_decay_seed_42,2000-06-09,0.8720871311167684,-0.052873833615491764,807904.970908276,-0.6303158379626044,0,VALID
momentum_decay_seed_42,2000-06-12,0.8259765412478888,-0.05590707013963487,693599.5512801709,-0.6377297656065404,0,VALID
momentum_decay_seed_42,2000-06-13,0.77979861282265,-0.037941463791117666,1082097.4606412025,-0.6393007458388329,0,VALID
momentum_decay_seed_42,2000-06-14,0.7502119119898756,-0.05654146440067797,833375.4988650999,-0.6402564786210274,0,VALID
momentum_decay_seed_42,2000-06-15,0.7077938318751354,-0.05162665920544908,584603.0217294022,-0.6393367925940605,0,VALID
momentum_decay_seed_42,2000-06-16,0.6712528009291989,-0.055294394273660744,766743.0019222326,-0.6384525730763615,0,VALID
momentum_decay_seed_42,2000-06-19,0.6341362838973207,-0.05094262554252557,803148.8663035462,-0.6398478694400207,0,VALID
momentum_decay_seed_42,2000-06-20,0.6018317166438107,-0.06467045245390991,644402.2746330136,-0.645457978120183,0,VALID
momentum_decay_seed_42,2000-06-21,0.5629109872273422,-0.06287422581274031,1702864.4062823737,-0.6532831739315241,0,VALID
momentum_decay_seed_42,2000-06-22,0.5275183947039378,-0.03163086471678686,760182.7647990722,-0.657806331220942,0,VALID
momentum_decay_seed_42,2000-06-23,0.510832531725441,-0.061715666288253423,2067348.3428479228,-0.6466564372356797,0,VALID
momentum_decay_seed_42,2000-06-26,0.47930616166829004,-0.04658444449059491,912048.3826195783,-0.6497822220533935,0,VALID
momentum_decay_seed_42,2000-06-27,0.45697795038605343,-0.05986857078428238,1540603.7901343517,-0.6435462591889887,0,VALID
momentum_decay_seed_42,2000-06-28,0.42961933361650967,-0.04222662423938256,940522.7309892585,-0.6454420780214443,0,VALID
momentum_decay_seed_42,2000-06-29,0.4114779594499114,-0.053761560712300996,1114818.3965713535,-0.6462746013463354,0,VALID
momentum_decay_seed_42,2000-06-30,0.38935626215117125,-0.06374895808369982,967097.7129371288,-0.6525663182379386,0,VALID
momentum_decay_seed_42,2000-07-03,0.3645352061156702,-0.05266387490008955,942194.6075433991,-0.655067708055155,0,VALID
momentum_decay_seed_42,2000-07-04,0.3453373696241162,-0.055553272188190166,1059760.005312253,-0.6569106944046347,0,VALID
momentum_decay_seed_42,2000-07-05,0.32615274873263406,-0.039872841821801716,1125114.300158451,-0.6549779473662058,0,VALID
momentum_decay_seed_42,2000-07-06,0.3131481117726719,-0.046482435916007966,1039622.1521699514,-0.6521356653243007,0,VALID
momentum_decay_seed_42,2000-07-07,0.29859222473497976,-0.04999915606908586,1013377.5259099879,-0.6576119356874219,0,VALID
momentum_decay_seed_42,2000-07-10,0.2836628654894399,-0.046835057383266925,834944.9300136201,-0.6565727338201628,0,VALID
momentum_decay_seed_42,2000-07-11,0.27037749890674007,-0.029068316910694055,975971.7383436844,-0.6532726598114221,0,VALID
momentum_decay_seed_42,2000-07-12,0.26251808008299815,-0.046141534474434996,1481920.2686848065,-0.650074764359992,0,VALID
momentum_decay_seed_42,2000-07-13,0.250405093040686,-0.061124114719834186,826327.3285489489,-0.6462174693197088,0,VALID
momentum_decay_seed_42,2000-07-14,0.23509930340723634,-0.047372507748528615,1346873.1735878803,-0.6497604135404812,0,VALID
momentum_decay_seed_42,2000-07-17,0.22396205983490336,-0.06744585986974193,1127537.2740220963,-0.646823458108309,0,VALID
momentum_decay_seed_42,2000-07-18,0.20885674613113972,-0.04545579661785637,1260942.7057575656,-0.6529648731445141,0,VALID
momentum_decay_seed_42,2000-07-19,0.19936299635673538,-0.05471524807449949,757593.989230481,-0.6458356633990894,0,VALID
momentum_decay_seed_42,2000-07-20,0.18845480055420108,-0.04947533201643756,1068151.1973701413,-0.6427521723484758,0,VALID
momentum_decay_seed_42,2000-07-21,0.17913093672669045,-0.05103488268065961,929561.0472608109,-0.6493352995322377,0,VALID
momentum_decay_seed_42,2000-07-24,0.16998901038636716,-0.04847437487897532,938948.7838503998,-0.6453435737302076,0,VALID
momentum_decay_seed_42,2000-07-25,0.16174889937159237,-0.07566658440931298,1444658.5459324473,-0.6460465997649396,0,VALID
momentum_decay_seed_42,2000-07-26,0.14950991262417831,-0.048234875786275534,942506.4029261774,-0.6519944496780141,0,VALID
momentum_decay_seed_42,2000-07-27,0.14229832055993416,-0.0537191458132129,1076805.1875109759,-0.654177539059037,0,VALID
momentum_decay_seed_42,2000-07-28,0.13465417632879975,-0.04672004516285891,644564.4603020188,-0.6541620376545556,0,VALID
momentum_decay_seed_42,2000-07-31,0.12836312712935066,-0.06533861404916139,1540084.9134988026,-0.6478717968090579,0,VALID
momentum_decay_seed_42,2000-08-01,0.11997605830770258,-0.053285252231228944,1241049.0169957879,-0.6525830423788455,0,VALID
momentum_decay_seed_42,2000-08-02,0.11358310377906802,-0.060528985107039496,984785.8363681823,-0.6517487458853871,0,VALID
momentum_decay_seed_42,2000-08-03,0.10670803378201349,-0.03699955405301042,919786.1854319408,-0.6592410116160061,0,VALID
momentum_decay_seed_42,2000-08-04,0.10275988411820543,-0.032676883945900556,1156807.2162271629,-0.6558521099823963,0,VALID
momentum_decay_seed_42,2000-08-07,0.09940201131058064,-0.04560913321070424,1342257.5997388442,-0.6495769330290393,0,VALID
momentum_decay_seed_42,2000-08-08,0.09486837173530444,-0.045610068412617014,1546483.4809922166,-0.6491262323273916,0,VALID
momentum_decay_seed_42,2000-08-09,0.09054141881026362,-0.052965709535347086,1229978.9362027345,-0.6551040645214308,0,VALID
momentum_decay_seed_42,2000-08-10,0.08574582832064098,-0.05697423823300277,1016775.6103838157,-0.6575715482483859,0,VALID
momentum_decay_seed_42,2000-08-11,0.08086052507041463,-0.061783036231148655,1280686.1431555983,-0.6560579980522148,0,VALID
momentum_decay_seed_42,2000-08-14,0.0758647163203195,-0.0519065105750516,1216025.2955685926,-0.6612608565207687,0,VALID
momentum_decay_seed_42,2000-08-15,0.07192684362036555,-0.042491310112687405,1340190.5071422434,-0.6556163736497016,0,VALID
momentum_decay_seed_42,2000-08-16,0.06887057780266584,-0.04269225308861355,1576428.0177212374,-0.6545468363676152,0,VALID
momentum_decay_seed_42,2000-08-17,0.06593033766475538,-0.05066953172898201,675021.9541895192,-0.6501530474635306,0,VALID
momentum_decay_seed_42,2000-08-18,0.06258967832854856,-0.05518279842366275,746020.7992396811,-0.6505925806437056,0,VALID
momentum_decay_seed_42,2000-08-21,0.05913580472594237,-0.04362466189102304,1459081.4710524776,-0.6521198365027663,0,VALID
momentum_decay_seed_42,2000-08-22,0.056556025239119574,-0.06013717366440399,839681.5155917212,-0.650346769227832,0,VALID
momentum_decay_seed_42,2000-08-23,0.05315490572754623,-0.062165601493811284,1008229.1984520027,-0.6444723644434117,0,VALID
momentum_decay_seed_42,2000-08-24,0.049850499040646486,-0.046879905284487565,845535.5466615867,-0.6496761251679698,0,VALID
momentum_decay_seed_42,2000-08-25,0.04751351236723654,-0.04391238527775561,1334862.1245481097,-0.647144160971156,0,VALID
momentum_decay_seed_42,2000-08-28,0.04542708070626704,-0.0469563327096974,563931.5629411791,-0.6461049078331469,0,VALID
momentum_decay_seed_42,2000-08-29,0.04329399159059329,-0.045861097146273073,1018171.5221812598,-0.6391447410319382,0,VALID
momentum_decay_seed_42,2000-08-30,0.041308481636407164,-0.07063238276804742,1497882.464517277,-0.6363149072175662,0,VALID
momentum_decay_seed_42,2000-08-31,0.038390765149897595,-0.04409093677206646,862624.445111121,-0.6402261030474664,0,VALID
momentum_decay_seed_42,2000-09-01,0.03669808035104221,-0.03524050951946491,673411.5639878458,-0.6428754210268655,0,VALID
momentum_decay_seed_42,2000-09-04,0.03540482130108522,-0.04153416014156596,1096462.5708430852,-0.6438218821300989,0,VALID
momentum_decay_seed_42,2000-09-05,0.03393431178338242,-0.0418623631003379,866982.9955406898,-0.6423011045444762,0,VALID
momentum_decay_seed_42,2000-09-06,0.0325137413019464,-0.04767121979862832,1306194.4232051624,-0.6408964899248885,0,VALID
momentum_decay_seed_42,2000-09-07,0.030963771593865572,-0.047296567607182746,1060351.2521380861,-0.6388888859049964,0,VALID
momentum_decay_seed_42,2000-09-08,0.029499291477302948,-0.051475286802403535,805867.1984960717,-0.6351830333575685,0,VALID
momentum_decay_seed_42,2000-09-11,0.02798080698804108,-0.04616606135646505,962587.1869167141,-0.6311749605719315,0,VALID
momentum_decay_seed_42,2000-09-12,0.026689043335827767,-0.06058536081978409,1283969.000068613,-0.6289418248812053,0,VALID
momentum_decay_seed_42,2000-09-13,0.02507207801539179,-0.03518544452341027,969231.0463573511,-0.6359537147019362,0,VALID
momentum_decay_seed_42,2000-09-14,0.024189905805294606,-0.0582225001729032,830359.0700674049,-0.6330990153835373,0,VALID
momentum_decay_seed_42,2000-09-15,0.02278150901036333,-0.0415561480951468,1051877.3793385385,-0.6360181164252418,0,VALID
momentum_decay_seed_42,2000-09-18,0.02183479724809775,-0.03671039409563011,1002860.5976134457,-0.6307685783716237,0,VALID
momentum_decay_seed_42,2000-09-19,0.0210332332361219,-0.04158179933109939,1238868.540394858,-0.6280991610143547,0,VALID
momentum_decay_seed_42,2000-09-20,0.02015863355241327,-0.026723468996539154,1148583.1339470048,-0.6207568562770199,0,VALID
momentum_decay_seed_42,2000-09-21,0.019619924933662762,-0.07003522292066514,950002.7285664061,-0.6064247036390686,0,VALID
momentum_decay_seed_42,2000-09-22,0.018245839117246976,-0.05457699430956826,1493412.2321308115,-0.6159863119311593,0,VALID
momentum_decay_seed_42,2000-09-25,0.017250036059571688,-0.036904493151394734,1027337.0963142305,-0.62026976439206,0,VALID
momentum_decay_seed_42,2000-09-26,0.01661343222194991,-0.0625164721410614,669941.499046853,-0.61626471453467,0,VALID
momentum_decay_seed_42,2000-09-27,0.015574819049278968,-0.05794136290025424,670105.9235247636,-0.6229631680397537,0,VALID
momentum_decay_seed_42,2000-09-28,0.014672392806638903,-0.04475812157187229,1116176.6628817627,-0.6178145252028653,0,VALID
momentum_decay_seed_42,2000-09-29,0.014015684065649094,-0.06412765883892367,1071509.653080521,-0.6180812747811466,0,VALID
momentum_decay_seed_42,2000-10-02,0.01311689105949301,-0.04945646414609618,561285.3490689099,-0.6295168121893344,0,VALID
momentum_decay_seed_42,2000-10-03,0.012468176007100944,-0.045406142282833885,888745.8135130825,-0.63257908141203,0,VALID
momentum_decay_seed_42,2000-10-04,0.011902044233315102,-0.04861758567941318,1191828.1711771914,-0.6339380287619315,0,VALID
momentum_decay_seed_42,2000-10-05,0.01132339557804174,-0.04770788625884932,1209289.831685869,-0.6343017986773585,0,VALID
momentum_decay_seed_42,2000-10-06,0.010783180309740566,-0.057046732628698825,1141697.484495415,-0.6344596846321799,0,VALID
momentum_decay_seed_42,2000-10-09,0.010168035105723746,-0.04803223903343043,956090.3581939851,-0.6366067958629807,0,VALID
momentum_decay_seed_42,2000-10-10,0.00967964161302531,-0.053937411722245726,1227687.254882389,-0.6373177752673054,0,VALID
momentum_decay_seed_42,2000-10-11,0.009157546798019781,-0.052658387919153796,1139160.7578075964,-0.6347511844691155,0,VALID
momentum_decay_seed_42,2000-10-12,0.008675325146341851,-0.04170480957975927,971042.0149708374,-0.641365897983653,0,VALID
momentum_decay_seed_42,2000-10-13,0.008313522363071167,-0.06296472328074762,607583.8474706693,-0.6350758696761774,0,VALID
momentum_decay_seed_42,2000-10-16,0.007790063727992084,-0.07333616119848305,690357.0514498999,-0.6432271094859489,0,VALID
momentum_decay_seed_42,2000-10-17,0.007218770358689601,-0.0425056610027226,844030.9537167938,-0.6567921689618179,0,VALID
momentum_decay_seed_42,2000-10-18,0.006911931752966638,-0.04802209918058148,931256.0463397276,-0.6571230021620595,0,VALID
momentum_decay_seed_42,2000-10-19,0.006580006280796263,-0.03672313867732309,1312986.5797078777,-0.6646263274174582,0,VALID
momentum_decay_seed_42,2000-10-20,0.0063383677976489245,-0.03646414110430603,982864.0360796386,-0.652612973461026,0,VALID
momentum_decay_seed_42,2000-10-23,0.006107244659904465,-0.05837398223827463,1023298.9413946045,-0.6459575714037026,0,VALID
momentum_decay_seed_42,2000-10-24,0.005750740468602404,-0.06480536512565016,861913.735588403,-0.6538499455275448,0,VALID
momentum_decay_seed_42,2000-10-25,0.005378061632791773,-0.053580166880744295,800888.5634051237,-0.6546950808368621,0,VALID
momentum_decay_seed_42,2000-10-26,0.005089904193011862,-0.032792301688340166,1222497.9370058023,-0.6530965153339676,0,VALID
momentum_decay_seed_42,2000-10-27,0.00492299451914987,-0.046071725317400815,707834.2103766513,-0.6487510351909551,0,VALID
momentum_decay_seed_42,2000-10-30,0.004696183667924528,-0.04525302911536798,770946.741644833,-0.641974333199498,0,VALID
momentum_decay_seed_42,2000-10-31,0.004483667131668824,-0.0683090582584753,967759.5099831823,-0.6403910941652362,0,VALID
momentum_decay_seed_42,2000-11-01,0.004177392052360047,-0.05605000712808731,1261213.3677861122,-0.6490189441014613,0,VALID
momentum_decay_seed_42,2000-11-02,0.003943249198048451,-0.0606975241128969,875049.2927906349,-0.651760890020024,0,VALID
momentum_decay_seed_42,2000-11-03,0.003703903734766744,-0.045721095593050834,849106.3638627134,-0.656511008035267,0,VALID
momentum_decay_seed_42,2000-11-06,0.0035345571980420157,-0.046713379977175194,953790.6412495894,-0.6523854253756108,0,VALID
momentum_decay_seed_42,2000-11-07,0.0033694460845988196,-0.03679338344471833,1094700.1208043501,-0.6519038390775997,0,VALID
momentum_decay_seed_42,2000-11-08,0.0032454727628118706,-0.06476857816845732,917872.7287158611,-0.6455958310239083,0,VALID
momentum_decay_seed_42,2000-11-09,0.003035268106480091,-0.05331488172097255,1305786.5821546775,-0.6501263001352773,0,VALID
momentum_decay_seed_42,2000-11-10,0.0028734431463916647,-0.0461662288681753,1321342.2964232122,-0.6543651389986564,0,VALID
momentum_decay_seed_42,2000-11-13,0.0027407871124556574,-0.04651224105953705,967747.2002776954,-0.6481688458327792,0,VALID
momentum_decay_seed_42,2000-11-14,0.002613306961588247,-0.029230194709462472,1628652.7511768371,-0.637984472183344,0,VALID
momentum_decay_seed_42,2000-11-15,0.002536919490265429,-0.04839809406682925,1017496.5867496566,-0.632965199753807,0,VALID
momentum_decay_seed_42,2000-11-16,0.00241413742213559,-0.05845661032767348,1308733.7142309465,-0.6331101644718415,0,VALID
momentum_decay_seed_42,2000-11-17,0.0022730151315723556,-0.05025862847953857,1086832.5986033306,-0.6413879402177514,0,VALID
momentum_decay_seed_42,2000-11-20,0.0021587765085462913,-0.05833368805949406,1081638.5343713628,-0.6465220195419417,0,VALID
momentum_decay_seed_42,2000-11-21,0.0020328471131065883,-0.07072983435991292,672070.6074776595,-0.64650689346782,0,VALID
momentum_decay_seed_42,2000-11-22,0.001889064173517532,-0.054586752849393336,756278.1643253848,-0.6487462765396179,0,VALID
momentum_decay_seed_42,2000-11-23,0.001785946294361087,-0.030627688375704832,929323.9462847773,-0.6491198602887092,0,VALID
momentum_decay_seed_42,2000-11-24,0.0017312468878016509,-0.05962091116341628,1318504.7672637373,-0.6483345896349663,0,VALID
momentum_decay_seed_42,2000-11-27,0.0016280283709020878,-0.05407078236350325,1090817.1705525932,-0.6533294934732412,0,VALID
momentum_decay_seed_42,2000-11-28,0.0015399996031774323,-0.04814674350584618,931377.1706634482,-0.6565312370536651,0,VALID
momentum_decay_seed_42,2000-11-29,0.0014658536372841437,-0.05339258483884016,1167416.023207641,-0.6490983803026102,0,VALID
momentum_decay_seed_42,2000-11-30,0.0013875879225941276,-0.061419382261424044,1304686.6319740189,-0.6481105167583989,0,VALID
momentum_decay_seed_42,2000-12-01,0.0013023631295549837,-0.024023262734041678,1001586.021995169,-0.6483809453981393,0,VALID
momentum_decay_seed_42,2000-12-04,0.0012710761179185557,-0.03566785493393827,1057354.3962065887,-0.6403860379957427,0,VALID
momentum_decay_seed_42,2000-12-05,0.001225739559334643,-0.04419222904670204,1023143.8005038972,-0.6362192691145006,0,VALID
momentum_decay_seed_42,2000-12-06,0.0011715713959769228,-0.05170407581164205,985904.4866468547,-0.6390136409704834,0,VALID
momentum_decay_seed_42,2000-12-07,0.0011109963797005808,-0.04569698641042447,822941.140423684,-0.6339709242393846,0,VALID
momentum_decay_seed_42,2000-12-08,0.0010602271932353728,-0.04334414763686571,808249.648476109,-0.6310255191348553,0,VALID
momentum_decay_seed_42,2000-12-11,0.001014272549243159,-0.046334685927627704,1311697.0424772908,-0.6299338446850754,0,VALID
momentum_decay_seed_42,2000-12-12,0.000967276549228963,-0.04546034420691304,930938.3868911839,-0.6298649322691519,0,VALID
momentum_decay_seed_42,2000-12-13,0.0009233038243577393,-0.04064452874534851,925734.0728876624,-0.6360531629400911,0,VALID
momentum_decay_seed_42,2000-12-14,0.000885776575527941,-0.053356073681186465,632641.4031629788,-0.633087757388572,0,VALID
momentum_decay_seed_42,2000-12-15,0.0008385150152990031,-0.06495060830227205,607925.4626961576,-0.6311001173498738,0,VALID
momentum_decay_seed_42,2000-12-18,0.0007840529549847439,-0.04104815018028314,1406304.8033094045,-0.6368067968681386,0,VALID
momentum_decay_seed_42,2000-12-19,0.0007518690315392353,-0.06502503456040898,835378.7548768031,-0.6301399024591514,0,VALID
momentum_decay_seed_42,2000-12-20,0.0007029787217784953,-0.055434955079326345,476574.0283225572,-0.6278693272396809,0,VALID
momentum_decay_seed_42,2000-12-21,0.0006640091279149821,-0.04565115728536353,1831442.2167662445,-0.6282031940089621,0,VALID
momentum_decay_seed_42,2000-12-22,0.0006336963427776182,-0.04534919790499694,869451.1995302921,-0.6339653533862578,0,VALID
momentum_decay_seed_42,2000-12-25,0.0006049587219173233,-0.052973233626976354,676894.6790582305,-0.6284102091033483,0,VALID
momentum_decay_seed_42,2000-12-26,0.0005729121022065199,-0.05086100651821049,1025181.1905679096,-0.6279790585501135,0,VALID
momentum_decay_seed_42,2000-12-27,0.0005437732160418324,-0.04655354773763948,1218598.6249206704,-0.6290398971555531,0,VALID
momentum_decay_seed_42,2000-12-28,0.0005184586436703792,-0.056883722822307595,1181850.5875560807,-0.6263597893666379,0,VALID
momentum_decay_seed_42,2000-12-29,0.0004889667858890038,-0.03371063052376009,1251638.9495094607,-0.6245541855472496,0,VALID
momentum_decay_seed_42,2001-01-01,0.0004724834072315091,-0.0588769565571456,784634.4174644002,-0.6282807924947705,0,VALID
momentum_decay_seed_42,2001-01-02,0.0004446650221899674,-0.05191343986695061,1396467.8496959673,-0.6372271590619619,0,VALID
momentum_decay_seed_42,2001-01-03,0.00042158093129957225,-0.05442535711892184,1420423.8997518152,-0.6401577123278653,0,VALID
momentum_decay_seed_42,2001-01-04,0.00039863623855906536,-0.04868514183194548,1438730.8834754939,-0.6411903352317855,0,VALID
momentum_decay_seed_42,2001-01-05,0.000379228576745464,-0.03435281978330096,1066686.5971921731,-0.6423138557800843,0,VALID
momentum_decay_seed_42,2001-01-08,0.00036620100579184934,-0.05941122095924958,913526.7511457566,-0.638952068588364,0,VALID
momentum_decay_seed_42,2001-01-09,0.00034444455692125034,-0.04547666049356862,893918.1596567971,-0.6439027109715267,0,VALID
momentum_decay_seed_42,2001-01-10,0.00032878036874728496,-0.04362529097348879,676082.7710553034,-0.6439087978694463,0,VALID
momentum_decay_seed_42,2001-01-11,0.00031443722949431373,-0.03852187339266437,873984.3327483989,-0.6450151898554072,0,VALID
momentum_decay_seed_42,2001-01-12,0.0003023245183497936,-0.05786565775104169,549599.7042322237,-0.6394524691463173,0,VALID
momentum_decay_seed_42,2001-01-15,0.00028483031124121593,-0.058262294663639524,655985.208829321,-0.6367205691524265,0,VALID
momentum_decay_seed_42,2001-01-16,0.000268235443718544,-0.05179226625449755,1063873.4812793578,-0.6432417981501257,0,VALID
momentum_decay_seed_42,2001-01-17,0.00025434292219857994,-0.05159184871380061,938620.1645215874,-0.638192573517578,0,VALID
momentum_decay_seed_42,2001-01-18,0.00024122090063508485,-0.06008536041943108,1052161.9634896026,-0.6367205050440661,0,VALID
momentum_decay_seed_42,2001-01-19,0.00022672705587972598,-0.04337334029614516,1193287.866385966,-0.6422149844104579,0,VALID
momentum_decay_seed_42,2001-01-22,0.0002168931461307115,-0.04443466557248737,1101044.7308761308,-0.6414744704509721,0,VALID
momentum_decay_seed_42,2001-01-23,0.0002072555717174287,-0.02964926697268933,1076919.337904813,-0.6382419381276773,0,VALID
momentum_decay_seed_42,2001-01-24,0.00020111059594000132,-0.05307083218334577,978461.7897172179,-0.6301572236236624,0,VALID
momentum_decay_seed_42,2001-01-25,0.00019043748925257685,-0.06032262670577837,828298.3237615216,-0.6326852843953135,0,VALID
momentum_decay_seed_42,2001-01-26,0.00017894979967760798,-0.05888797313230919,732627.4596352525,-0.6340246314435152,0,VALID
momentum_decay_seed_42,2001-01-29,0.00016841180868216088,-0.04665704871502286,982485.1052416557,-0.6435603745982093,0,VALID
momentum_decay_seed_42,2001-01-30,0.0001605542107202922,-0.05765535277429713,1012867.5987866338,-0.6389322237904714,0,VALID
momentum_decay_seed_42,2001-01-31,0.00015129740106181491,-0.04260587327699053,1252380.5009536757,-0.6411189647609936,0,VALID
momentum_decay_seed_42,2001-02-01,0.00014485124316503722,-0.05652916144664712,960873.9184948015,-0.6366330274221298,0,VALID
momentum_decay_seed_42,2001-02-02,0.00013666292385441329,-0.04812026412513896,1146950.8429964597,-0.6396291518238072,0,VALID
momentum_decay_seed_42,2001-02-05,0.00013008666786242518,-0.05067980255984405,696260.2160724406,-0.6447670383069151,0,VALID
momentum_decay_seed_42,2001-02-06,0.00012349390121948946,-0.05899694786487754,1067702.29642922,-0.6414694361167577,0,VALID
momentum_decay_seed_42,2001-02-07,0.0001162081379676129,-0.0645482248525779,1048605.1455484694,-0.646547820326415,0,VALID
momentum_decay_seed_42,2001-02-08,0.00010870710894838002,-0.03752050014940568,1396608.119259994,-0.6542804135400707,0,VALID
momentum_decay_seed_42,2001-02-09,0.00010462836385084087,-0.04636545662160927,938822.0446248585,-0.6539203488293185,0,VALID
momentum_decay_seed_42,2001-02-12,9.977722198532475e-05,-0.061563476602653336,547452.0005024164,-0.649695913505407,0,VALID
momentum_decay_seed_42,2001-02-13,9.363458931415346e-05,-0.06072133021426859,929187.500530134,-0.6509238748761218,0,VALID
momentum_decay_seed_42,2001-02-14,8.794897249693131e-05,-0.030027034692520063,1195541.3802485084,-0.6542110480736533,0,VALID
momentum_decay_seed_42,2001-02-15,8.530812564859445e-05,-0.05837463404085193,745161.9662587475,-0.6463485318892527,0,VALID
momentum_decay_seed_42,2001-02-16,8.032829503314674e-05,-0.033888838515003794,1060628.9615172143,-0.6457048554639229,0,VALID
momentum_decay_seed_42,2001-02-19,7.760606241458285e-05,-0.04750963877693058,736685.9639053018,-0.6421921863413182,0,VALID
momentum_decay_seed_42,2001-02-20,7.39190264223661e-05,-0.06651759148179268,1576685.2696575755,-0.6433435983899773,0,VALID
momentum_decay_seed_42,2001-02-21,6.90021108200713e-05,-0.05423606606460839,725954.9621327441,-0.6568947026507883,0,VALID
momentum_decay_seed_42,2001-02-22,6.525970777903649e-05,-0.041873987122463555,877966.269760847,-0.657316907321317,0,VALID
momentum_decay_seed_42,2001-02-23,6.252702361588138e-05,-0.06774962059642128,1062277.2257552368,-0.6505890270426193,0,VALID
momentum_decay_seed_42,2001-02-26,5.829084148888194e-05,-0.05577538887355651,1137522.4418249168,-0.6538791314871946,0,VALID
momentum_decay_seed_42,2001-02-27,5.503964713707271e-05,-0.0562758753643692,1375217.3677151091,-0.657189637754444,0,VALID
momentum_decay_seed_42,2001-02-28,5.1942242814687944e-05,-0.04458868389195469,852865.1604984291,-0.6566878052752134,0,VALID
momentum_decay_seed_42,2001-03-01,4.9626206569184666e-05,-0.045519006360637965,1210134.6332700322,-0.6573988218199638,0,VALID
momentum_decay_seed_42,2001-03-02,4.7367270956707614e-05,-0.04461965560071749,656128.0379074271,-0.6534007203945975,0,VALID
momentum_decay_seed_42,2001-03-05,4.5253759639873454e-05,-0.04764723888411737,772149.5632678571,-0.6521260757656415,0,VALID
momentum_decay_seed_42,2001-03-06,4.309754294390798e-05,-0.04553677852456937,700519.1269620177,-0.6510148070607196,0,VALID
momentum_decay_seed_42,2001-03-07,4.113501967591812e-05,-0.06282634650260521,817381.1851195239,-0.6460228999850044,0,VALID
momentum_decay_seed_42,2001-03-08,3.8550656676367406e-05,-0.04758355478323249,1195369.1312407886,-0.6453713372630181,0,VALID
momentum_decay_seed_42,2001-03-09,3.671627939247789e-05,-0.03548821150978936,857705.738579013,-0.6490791020604991,0,VALID
momentum_decay_seed_42,2001-03-12,3.541328430354512e-05,-0.04967892326029066,895688.0318337878,-0.6450764653604637,0,VALID
momentum_decay_seed_42,2001-03-13,3.3653990470234446e-05,-0.05619665934128614,1069539.692426225,-0.6405816406443358,0,VALID
momentum_decay_seed_42,2001-03-14,3.176274863230379e-05,-0.055334523471647246,1125001.167405904,-0.6388502590702575,0,VALID
momentum_decay_seed_42,2001-03-15,3.0005172072585545e-05,-0.036373573601966594,902208.5469904937,-0.6482729887164047,0,VALID
momentum_decay_seed_42,2001-03-16,2.8913776737763683e-05,-0.0741278033092949,770938.6248991272,-0.6400548931627059,0,VALID
momentum_decay_seed_42,2001-03-19,2.677046198281787e-05,-0.024506720473929974,1495909.2990738924,-0.655046768900525,0,VALID
momentum_decay_seed_42,2001-03-20,2.611440575404698e-05,-0.06936838040620186,903646.2456476232,-0.646716048384731,0,VALID
momentum_decay_seed_42,2001-03-21,2.430289172161834e-05,-0.052862229498406695,925315.0600075619,-0.6477949524618147,0,VALID
momentum_decay_seed_42,2001-03-22,2.3018186681955226e-05,-0.06113388041921849,953628.6298051743,-0.6472833320079714,0,VALID
momentum_decay_seed_42,2001-03-23,2.1610995609873327e-05,-0.04475492624713914,1155912.7430598075,-0.6543735114814533,0,VALID
momentum_decay_seed_42,2001-03-26,2.0643797095226197e-05,-0.043008032683051124,688251.1906766917,-0.6458483602580403,0,VALID
momentum_decay_seed_42,2001-03-27,1.9755947995052433e-05,-0.0482803966756294,1670580.6247388043,-0.6410596901929346,0,VALID
momentum_decay_seed_42,2001-03-28,1.8802122989148194e-05,-0.051420032144075214,919126.7076886144,-0.6380186535990042,0,VALID
momentum_decay_seed_42,2001-03-29,1.7835317220669337e-05,-0.06730671605507219,1166274.16327409,-0.6406068798386828,0,VALID
momentum_decay_seed_42,2001-03-30,1.6634880588745606e-05,-0.05390463949462811,1041953.8741954482,-0.6488106607630102,0,VALID
momentum_decay_seed_42,2001-04-02,1.5738183347573087e-05,-0.05174172733804958,1587175.86790348,-0.6522237384735202,0,VALID
momentum_decay_seed_42,2001-04-03,1.4923862556006727e-05,-0.06103740697782008,1517359.8787416206,-0.6537189469146691,0,VALID
momentum_decay_seed_42,2001-04-04,1.4012948683494694e-05,-0.046805997362087716,1158139.4461281416,-0.6593426040902476,0,VALID
momentum_decay_seed_42,2001-04-05,1.3357058644379972e-05,-0.048226038853630596,804719.2565918455,-0.65351929653203,0,VALID
momentum_decay_seed_42,2001-04-06,1.2712900615225881e-05,-0.05323791704286601,1354090.0910049793,-0.6537530265708135,0,VALID
momentum_decay_seed_42,2001-04-09,1.2036092266898284e-05,-0.05017562826477446,655084.7500730699,-0.6601249360626689,0,VALID
momentum_decay_seed_42,2001-04-10,1.1432173775553868e-05,-0.05342340938663882,798032.6451194078,-0.660302578808146,0,VALID
momentum_decay_seed_42,2001-04-11,1.0821428075763258e-05,-0.06705652216015517,979809.668083482,-0.6593044197454152,0,VALID
momentum_decay_seed_42,2001-04-12,1.0095780744196315e-05,-0.04517933164474475,667701.1506404857,-0.6635319830936612,0,VALID
momentum_decay_seed_42,2001-04-13,9.639660117741641e-06,-0.07564744341820567,877498.8150245324,-0.6666066766313692,0,VALID
momentum_decay_seed_42,2001-04-16,8.910444474414045e-06,-0.047276302447257605,1216783.630729788,-0.6671538772796282,0,VALID
momentum_decay_seed_42,2001-04-17,8.489191606502152e-06,-0.06316830211058241,836550.235463213,-0.6749230410810105,0,VALID
momentum_decay_seed_42,2001-04-18,7.952943786428003e-06,-0.04650649377439571,1232385.810644893,-0.672757304870286,0,VALID
momentum_decay_seed_42,2001-04-19,7.58308025573637e-06,-0.04579811401275063,1814210.8334774137,-0.6705613539192896,0,VALID
momentum_decay_seed_42,2001-04-20,7.235789481616318e-06,-0.051669279301085655,1101778.6024353718,-0.6651801882597888,0,VALID
momentum_decay_seed_42,2001-04-23,6.861921453926826e-06,-0.043749147987518465,1226536.0376551964,-0.6676037154272544,0,VALID
momentum_decay_seed_42,2001-04-24,6.5617182367602534e-06,-0.05521322918637285,1367427.5200821813,-0.6678611303085262,0,VALID
momentum_decay_seed_42,2001-04-25,6.199424583897607e-06,-0.0547910317091198,896863.2615957918,-0.67028060674448,0,VALID
momentum_decay_seed_42,2001-04-26,5.8597517149429765e-06,-0.03501625559703268,1218597.2843072154,-0.6714523413044701,0,VALID
momentum_decay_seed_42,2001-04-27,5.6545651511573825e-06,-0.05424773727793092,891624.5676481185,-0.6600778033247199,0,VALID
momentum_decay_seed_42,2001-04-30,5.347817786416454e-06,-0.052457615000129014,1081684.2379213837,-0.6602010747802658,0,VALID
momentum_decay_seed_42,2001-05-01,5.067284019885777e-06,-0.07251777290619046,1268726.2104969926,-0.660457606007217,0,VALID
momentum_decay_seed_42,2001-05-02,4.699815868080533e-06,-0.05782416333961446,813282.8981726222,-0.6646090716355607,0,VALID
momentum_decay_seed_42,2001-05-03,4.428052947658532e-06,-0.059636384443688045,559848.5360945982,-0.6684859245173973,0,VALID
momentum_decay_seed_42,2001-05-04,4.163979879734962e-06,-0.0520110465451883,795496.3424925667,-0.6724602822153836,0,VALID
momentum_decay_seed_42,2001-05-07,3.947406928396839e-06,-0.05245060651190703,1320805.0973617653,-0.6720358368095087,0,VALID
momentum_decay_seed_42,2001-05-08,3.7403630408531214e-06,-0.05056954541213529,772824.3946022136,-0.6728213623859205,0,VALID
momentum_decay_seed_42,2001-05-09,3.551214582200827e-06,-0.059759588161149055,1299907.8864242805,-0.671834941068963,0,VALID
momentum_decay_seed_42,2001-05-10,3.3389954612966386e-06,-0.044414510407257766,796407.9527401716,-0.6692682274012238,0,VALID
momentum_decay_seed_42,2001-05-11,3.190695612631093e-06,-0.04352515309290526,946121.7400563383,-0.6690033078283882,0,VALID
momentum_decay_seed_42,2001-05-14,3.0518200976184633e-06,-0.04298336351910433,996594.1152797502,-0.6575008007309139,0,VALID
momentum_decay_seed_42,2001-05-15,2.9206426049676204e-06,-0.05012084650788268,772000.9267457942,-0.6559575115808902,0,VALID
momentum_decay_seed_42,2001-05-16,2.7742575252596557e-06,-0.06215890924104131,948690.6543952315,-0.6511659581960041,0,VALID
momentum_decay_seed_42,2001-05-17,2.601812703535765e-06,-0.043142509647253385,676468.4382256604,-0.6568923688276183,0,VALID
momentum_decay_seed_42,2001-05-18,2.489563973873127e-06,-0.0602228028164733,916000.7499785243,-0.6559374785297081,0,VALID
momentum_decay_seed_42,2001-05-21,2.33963545357557e-06,-0.038719811426506975,976242.0373444433,-0.6590407702442175,0,VALID
momentum_decay_seed_42,2001-05-22,2.249045210006354e-06,-0.06496638689903327,565421.1307383135,-0.6572475182785683,0,VALID
momentum_decay_seed_42,2001-05-23,2.1029328687396635e-06,-0.03538821133279671,793960.4655496529,-0.6607857970880355,0,VALID
momentum_decay_seed_42,2001-05-24,2.02851383596202e-06,-0.04232682759538774,1073202.0456933898,-0.6538225620056395,0,VALID
momentum_decay_seed_42,2001-05-25,1.9426532805523968e-06,-0.061195358752705264,751984.0015587377,-0.6564451503127924,0,VALID
momentum_decay_seed_42,2001-05-28,1.8237719161168732e-06,-0.04941725669064554,1118460.771797622,-0.6589689497743763,0,VALID
momentum_decay_seed_42,2001-05-29,1.7336461111929351e-06,-0.05187670990928452,1147039.992651609,-0.657874690980512,0,VALID
momentum_decay_seed_42,2001-05-30,1.64371025479722e-06,-0.04841880915094891,1072010.5795827347,-0.6502607121354027,0,VALID
momentum_decay_seed_42,2001-05-31,1.5641237616707358e-06,-0.0419299171805553,1214632.846616735,-0.646769408550588,0,VALID
momentum_decay_seed_42,2001-06-01,1.4985401818837432e-06,-0.07247268555340856,666998.1553930867,-0.6401182942365404,0,VALID
momentum_decay_seed_42,2001-06-04,1.389936950492935e-06,-0.03812274906738064,1284585.822681952,-0.6478860741480661,0,VALID
momentum_decay_seed_42,2001-06-05,1.3369487329098125e-06,-0.0685983540654563,774795.8103353087,-0.6425617732002629,0,VALID
momentum_decay_seed_42,2001-06-06,1.245236250362302e-06,-0.04069161773649471,1025067.7472167363,-0.6493491954545365,0,VALID
momentum_decay_seed_42,2001-06-07,1.1945655728709333e-06,-0.04483702427898549,1567369.3340750276,-0.6422380363443065,0,VALID
momentum_decay_seed_42,2001-06-08,1.141004807277279e-06,-0.05893130621584863,911258.0386390367,-0.6423962214507857,0,VALID
momentum_decay_seed_42,2001-06-11,1.0737639035858662e-06,-0.052992647038852564,1002866.9247084913,-0.6481562250593358,0,VALID
momentum_decay_seed_42,2001-06-12,1.01686231204008e-06,-0.029512443491367134,775872.577579361,-0.651836102674619,0,VALID
momentum_decay_seed_42,2001-06-13,9.868522205174962e-07,-0.03863951316444572,1562507.8092220346,-0.6442824029376537,0,VALID
momentum_decay_seed_42,2001-06-14,9.48720731151448e-07,-0.04144980675702721,794364.7030492241,-0.6353616346548803,0,VALID
momentum_decay_seed_42,2001-06-15,9.093964401788348e-07,-0.045574543757959475,1173401.272981108,-0.6347165810067352,0,VALID
momentum_decay_seed_42,2001-06-18,8.67951112322572e-07,-0.04364628857138723,1366723.5645333836,-0.629022927056385,0,VALID
momentum_decay_seed_42,2001-06-19,8.300682676082845e-07,-0.0436309371662779,1203222.7224812885,-0.6309241522068205,0,VALID
momentum_decay_seed_42,2001-06-20,7.938516111805463e-07,-0.06783611129714184,1088932.492858597,-0.6225026376346858,0,VALID
momentum_decay_seed_42,2001-06-21,7.399998049310873e-07,-0.05556191958849126,1021125.3151935023,-0.6352010068592194,0,VALID
momentum_decay_seed_42,2001-06-22,6.988839952740071e-07,-0.03318183380699176,726177.9097618229,-0.640242547514563,0,VALID
momentum_decay_seed_42,2001-06-25,6.756937426924585e-07,-0.036407793997043886,1540718.452482513,-0.6295075405420609,0,VALID
momentum_decay_seed_42,2001-06-26,6.5109322410342e-07,-0.036493748790473436,1065882.7767950818,-0.62443706365459,0,VALID
momentum_decay_seed_42,2001-06-27,6.273323915438104e-07,-0.04797202723102221,1003017.8396878187,-0.6183436893984684,0,VALID
momentum_decay_seed_42,2001-06-28,5.972379849737685e-07,-0.0460300869550116,760812.8767520281,-0.6181644959246562,0,VALID
momentum_decay_seed_42,2001-06-29,5.6974706859259e-07,-0.06302652116834465,1015211.009587019,-0.6197986043481409,0,VALID
momentum_decay_seed_42,2001-07-02,5.338378929133368e-07,-0.05079729563856809,987282.2844531093,-0.6159265406074617,0,VALID
momentum_decay_seed_42,2001-07-03,5.067203716439477e-07,-0.04105786671486591,1567356.2639190606,-0.6209874326735834,0,VALID
momentum_decay_seed_42,2001-07-04,4.859155141632832e-07,-0.04751212690198917,1002865.4573700425,-0.6097804621236285,0,VALID
momentum_decay_seed_42,2001-07-05,4.62828634590712e-07,-0.05202913984795548,1011114.4056597145,-0.6125548524905311,0,VALID
momentum_decay_seed_42,2001-07-06,4.387480588359536e-07,-0.0515105187760693,762916.4166699437,-0.6154722083223159,0,VALID
momentum_decay_seed_42,2001-07-09,4.1614791871332027e-07,-0.06250315538923147,829838.1774206213,-0.612440018402945,0,VALID
momentum_decay_seed_42,2001-07-10,3.9013736068507636e-07,-0.04608735340066765,1136331.9119507931,-0.6163321660507179,0,VALID
momentum_decay_seed_42,2001-07-11,3.7215696226837954e-07,-0.05122684637495128,639750.5924728893,-0.6228848103789807,0,VALID
momentum_decay_seed_42,2001-07-12,3.530925347348887e-07,-0.039407762611036797,1282646.275429718,-0.627822473841859,0,VALID
momentum_decay_seed_42,2001-07-13,3.3917794794632693e-07,-0.0496108679309854,1292346.050861352,-0.6270296067140676,0,VALID
momentum_decay_seed_42,2001-07-16,3.2235103556565905e-07,-0.06083698827358061,809562.474660187,-0.6286069215314767,0,VALID
momentum_decay_seed_42,2001-07-17,3.027401693949745e-07,-0.046207199656348376,1089971.1480235825,-0.6352828059946511,0,VALID
momentum_decay_seed_42,2001-07-18,2.8875139394374416e-07,-0.039000203496579164,1379654.0480209414,-0.6362652794590433,0,VALID
momentum_decay_seed_42,2001-07-19,2.7749003082001724e-07,-0.0624420587886087,967483.2526671309,-0.6250133730158773,0,VALID
momentum_decay_seed_42,2001-07-20,2.6016298200230085e-07,-0.04782768805189476,923322.5481392229,-0.6277451139794661,0,VALID
momentum_decay_seed_42,2001-07-23,2.477199880564441e-07,-0.055778941080776565,950734.1424079619,-0.6333842206835506,0,VALID
momentum_decay_seed_42,2001-07-24,2.3390242943811304e-07,-0.05503957741410611,1065262.4532123646,-0.6407543178471784,0,VALID
momentum_decay_seed_42,2001-07-25,2.2102853856570652e-07,-0.046885471656965605,854689.9384272516,-0.6476691757908841,0,VALID
momentum_decay_seed_42,2001-07-26,2.1066551128540358e-07,-0.04755895611021648,904386.790019497,-0.6472670583826708,0,VALID
momentum_decay_seed_42,2001-07-27,2.0064647948024476e-07,-0.06139429001091575,1070687.543046445,-0.6478323618656099,0,VALID
momentum_decay_seed_42,2001-07-30,1.8832793132936535e-07,-0.03562223060083538,886645.2848763719,-0.6472188770609836,0,VALID
momentum_decay_seed_42,2001-07-31,1.8161927033097241e-07,-0.07116654448970532,747874.6627745399,-0.6415789052614032,0,VALID
momentum_decay_seed_42,2001-08-01,1.6869405444877545e-07,-0.04970890053423331,627845.4206273092,-0.6528325407776776,0,VALID
momentum_decay_seed_42,2001-08-02,1.6030845847546474e-07,-0.05117610855425121,1007759.267808472,-0.6536332316231287,0,VALID
momentum_decay_seed_42,2001-08-03,1.5210449540235967e-07,-0.07672834433102937,1354655.8776350163,-0.6533215535906656,0,VALID
momentum_decay_seed_42,2001-08-06,1.4043376930482993e-07,-0.03438561798196427,1104048.0479566273,-0.6625388161521163,0,VALID
momentum_decay_seed_42,2001-08-07,1.3560486736174675e-07,-0.053798065117898954,754315.0264842563,-0.6524176327957254,0,VALID
momentum_decay_seed_42,2001-08-08,1.2830958787711545e-07,-0.05894346046077529,828429.9638970982,-0.6552272269876669,0,VALID
momentum_decay_seed_42,2001-08-09,1.2074657675734234e-07,-0.035725147163154954,921672.337181181,-0.6580313519004244,0,VALID
momentum_decay_seed_42,2001-08-10,1.1643288753323909e-07,-0.05335939225040148,1583039.398151535,-0.6567203491906732,0,VALID
momentum_decay_seed_42,2001-08-13,1.1022009941650612e-07,-0.04964423523015375,1610049.708744153,-0.6580743126104969,0,VALID
momentum_decay_seed_42,2001-08-14,1.0474830687398216e-07,-0.050932986496534924,1550260.151732847,-0.6539993120723906,0,VALID
momentum_decay_seed_42,2001-08-15,9.941316277443474e-08,-0.04634525527357166,1033307.1218106095,-0.6557136524376299,0,VALID
momentum_decay_seed_42,2001-08-16,9.480583436810043e-08,-0.041487144251552116,2213806.472878396,-0.6583450796847097,0,VALID
momentum_decay_seed_42,2001-08-17,9.08726110417823e-08,-0.04031002129724143,837933.8391700777,-0.6507089119966397,0,VALID
momentum_decay_seed_42,2001-08-20,8.720953415535212e-08,-0.054897501829012096,913512.5779703389,-0.6479511611494142,0,VALID
momentum_decay_seed_42,2001-08-21,8.242194859455138e-08,-0.049689144122288476,1255018.5332103893,-0.6476225202425314,0,VALID
momentum_decay_seed_42,2001-08-22,7.832647251199687e-08,-0.04986014778134708,1072126.4133827854,-0.6456273338263407,0,VALID
momentum_decay_seed_42,2001-08-23,7.442110301735709e-08,-0.04575034102563851,1087787.461702894,-0.6467333330298498,0,VALID
momentum_decay_seed_42,2001-08-24,7.101631217480883e-08,-0.043334273313904666,616164.2365700201,-0.6460625057625247,0,VALID
momentum_decay_seed_42,2001-08-27,6.793887189328009e-08,-0.06442299135559412,782309.4857059262,-0.6392522797138238,0,VALID
momentum_decay_seed_42,2001-08-28,6.35620465365905e-08,-0.04916018996685546,985503.2929795339,-0.6500258677355177,0,VALID
momentum_decay_seed_42,2001-08-29,6.04373242541696e-08,-0.04168968142332026,840820.9515477705,-0.6417341177099896,0,VALID
momentum_decay_seed_42,2001-08-30,5.791771145993536e-08,-0.054069437487725594,714949.1972621359,-0.6387108203102103,0,VALID
momentum_decay_seed_42,2001-08-31,5.478613338072025e-08,-0.050465872703393394,863968.8762089316,-0.6398125299597797,0,VALID
momentum_decay_seed_42,2001-09-03,5.202130334761769e-08,-0.06007892949623545,1072203.7084787097,-0.6295669937143208,0,VALID
momentum_decay_seed_42,2001-09-04,4.8895919131493885e-08,-0.049369976316653005,1198499.873524405,-0.6394235687642646,0,VALID
momentum_decay_seed_42,2001-09-05,4.6481928761991054e-08,-0.06958591440397031,623138.4440283033,-0.6377361229894396,0,VALID
momentum_decay_seed_42,2001-09-06,4.32474412458277e-08,-0.05220967317786354,996924.9145581422,-0.6418329827044318,0,VALID
momentum_decay_seed_42,2001-09-07,4.098950647260418e-08,-0.05027982456530218,974476.3507709854,-0.6479559397605548,0,VALID
momentum_decay_seed_42,2001-09-10,3.892856127814332e-08,-0.040523503901517,1058010.1848240627,-0.646810686215789,0,VALID
momentum_decay_seed_42,2001-09-11,3.7351039573308034e-08,-0.06171971592900795,757466.3043991427,-0.6434210662875598,0,VALID
momentum_decay_seed_42,2001-09-12,3.504574402119033e-08,-0.04711083332831294,760840.9346359458,-0.6474738048450587,0,VALID
momentum_decay_seed_42,2001-09-13,3.339470981574131e-08,-0.05431339438239511,1365112.5025096394,-0.6477568069694906,0,VALID
momentum_decay_seed_42,2001-09-14,3.158092977123331e-08,-0.06703992862610375,535034.0115907908,-0.6524703163122195,0,VALID
momentum_decay_seed_42,2001-09-17,2.9463746493423833e-08,-0.05557728887495215,811996.5556019278,-0.6621499383205269,0,VALID
momentum_decay_seed_42,2001-09-18,2.7826231343220458e-08,-0.04961418877019083,902941.8204568882,-0.662392944868329,0,VALID
momentum_decay_seed_42,2001-09-19,2.6445655448594915e-08,-0.03950660389456593,925023.0871449049,-0.662366316259878,0,VALID
momentum_decay_seed_42,2001-09-20,2.5400877414055106e-08,-0.05862317959475544,844505.2496934386,-0.6586871682333046,0,VALID
momentum_decay_seed_42,2001-09-21,2.391179721554659e-08,-0.0653564206992612,1127179.9394314247,-0.6632914821500873,0,VALID
momentum_decay_seed_42,2001-09-24,2.2349007737051906e-08,-0.04897446816273733,1102326.4779419466,-0.6710424074724375,0,VALID
momentum_decay_seed_42,2001-09-25,2.1254476969164887e-08,-0.034117238928507376,963810.4594999881,-0.6656105627919106,0,VALID
momentum_decay_seed_42,2001-09-26,2.052933290010743e-08,-0.029397018294759217,855942.6854571765,-0.6603202879437353,0,VALID
momentum_decay_seed_42,2001-09-27,1.992583172526377e-08,-0.06277016444970228,945200.8236120611,-0.6559630685848579,0,VALID
momentum_decay_seed_42,2001-09-28,1.867508399107187e-08,-0.06076245200318768,1017633.5626754106,-0.6591275412467088,0,VALID
momentum_decay_seed_42,2001-10-01,1.7540340096408866e-08,-0.04602966699984509,828665.2857994075,-0.662823901600456,0,VALID
momentum_decay_seed_42,2001-10-02,1.6732964082707136e-08,-0.05622167700254258,1149004.0482741352,-0.6577840363792359,0,VALID
momentum_decay_seed_42,2001-10-03,1.579220878075403e-08,-0.03842492241978866,1279988.7467119629,-0.6602505704611048,0,VALID
momentum_decay_seed_42,2001-10-04,1.518539438351645e-08,-0.04470586592874278,1432004.8267107252,-0.6488718419848374,0,VALID
momentum_decay_seed_42,2001-10-05,1.450651817813188e-08,-0.06880798427974058,1406152.3970525295,-0.6460919043309905,0,VALID
momentum_decay_seed_42,2001-10-08,1.3508353903377211e-08,-0.058670052563234265,923599.5976288343,-0.6529963230117739,0,VALID
momentum_decay_seed_42,2001-10-09,1.27158180698233e-08,-0.05571449219196738,1030255.1245226652,-0.6595591925931203,0,VALID
momentum_decay_seed_42,2001-10-10,1.2007362723257651e-08,-0.031178251197959507,959311.4796959865,-0.6573802880030903,0,VALID
momentum_decay_seed_42,2001-10-11,1.163299415204691e-08,-0.04586207682809786,958457.6039822516,-0.6516515874450435,0,VALID
momentum_decay_seed_42,2001-10-12,1.1099480880504921e-08,-0.04924286712043167,943586.4112836333,-0.6485385021622985,0,VALID
momentum_decay_seed_42,2001-10-15,1.0552910618400446e-08,-0.04551675934026841,1001505.301940293,-0.641834054581083,0,VALID
momentum_decay_seed_42,2001-10-16,1.0072576325443349e-08,-0.03352606002396671,1338201.9491167706,-0.6380186665882293,0,VALID
momentum_decay_seed_42,2001-10-17,9.734882526960549e-09,-0.04410453113964398,1080479.6041477444,-0.6318910474394095,0,VALID
momentum_decay_seed_42,2001-10-18,9.305530097409442e-09,-0.05087876742415621,749974.4593014363,-0.6336532023787336,0,VALID
momentum_decay_seed_42,2001-10-19,8.832076195824861e-09,-0.04134031361582847,1265000.308712426,-0.6306393820501889,0,VALID
momentum_decay_seed_42,2001-10-22,8.466955396010567e-09,-0.04113606040432048,1054326.772810293,-0.6211484869651105,0,VALID
momentum_decay_seed_42,2001-10-23,8.118658207399589e-09,-0.037996937417406784,1130535.7972982053,-0.6180259707553472,0,VALID
momentum_decay_seed_42,2001-10-24,7.810174059579711e-09,-0.05355698315571035,1075020.5624307801,-0.6195602605509485,0,VALID
momentum_decay_seed_42,2001-10-25,7.391884699027635e-09,-0.07930594375852776,1087585.7312787164,-0.6290300550086683,0,VALID
momentum_decay_seed_42,2001-10-26,6.8056643068170274e-09,-0.08648412825214784,1100452.4727554347,-0.6355751700998689,0,VALID
momentum_decay_seed_42,2001-10-29,6.2170823620651995e-09,-0.04548231399059016,649946.0939921131,-0.645555198594008,0,VALID
momentum_decay_seed_42,2001-10-30,5.93431506996839e-09,-0.06162428780139931,1126800.6504980165,-0.645351831233459,0,VALID
momentum_decay_seed_42,2001-10-31,5.568617130192477e-09,-0.03629459011385868,836921.0729667363,-0.6473819965590277,0,VALID
momentum_decay_seed_42,2001-11-01,5.366506453951128e-09,-0.027570796875970152,886027.2852188527,-0.646600785042738,0,VALID
momentum_decay_seed_42,2001-11-02,5.218547594575659e-09,-0.04591963823118733,999520.1518698692,-0.6402618787985628,0,VALID
momentum_decay_seed_42,2001-11-05,4.9789137769405125e-09,-0.048689728838065806,1498131.4021282305,-0.6314196524199933,0,VALID
momentum_decay_seed_42,2001-11-06,4.736491815233169e-09,-0.0510972745169429,778344.5432622477,-0.6275118290286306,0,VALID
momentum_decay_seed_42,2001-11-07,4.4944699927029465e-09,-0.06364741652201565,991136.8275042102,-0.6256904953826883,0,VALID
momentum_decay_seed_42,2001-11-08,4.208408589031681e-09,-0.05742192093997437,938044.3798378259,-0.6382351324150557,0,VALID
momentum_decay_seed_42,2001-11-09,3.966753683749195e-09,-0.049653881258147445,1259971.9254129503,-0.6426180893994435,0,VALID
momentum_decay_seed_42,2001-11-12,3.7697889673559935e-09,-0.05106181930622577,931742.3627895033,-0.6427725862869671,0,VALID
momentum_decay_seed_42,2001-11-13,3.5772966842822583e-09,-0.04383185800310221,1057365.5713863384,-0.644847895046871,0,VALID
momentum_decay_seed_42,2001-11-14,3.4204971239818302e-09,-0.060415876326212724,778856.8142213081,-0.6486349871702266,0,VALID
momentum_decay_seed_42,2001-11-15,3.2138447927651777e-09,-0.05412336872204731,1318071.6586692196,-0.654630659497853,0,VALID
momentum_decay_seed_42,2001-11-16,3.0399006860309163e-09,-0.045561872906168956,701727.2219793651,-0.6558113156374317,0,VALID
momentum_decay_seed_42,2001-11-19,2.9013971173265997e-09,-0.06530715257256707,1122818.9597637749,-0.6573269869009029,0,VALID
momentum_decay_seed_42,2001-11-20,2.7119151331117454e-09,-0.04264416907571627,1059048.0397087694,-0.6659651060762695,0,VALID
momentum_decay_seed_42,2001-11-21,2.5962677656563348e-09,-0.04368018516238605,1098116.6904837007,-0.66757875741939,0,VALID
momentum_decay_seed_42,2001-11-22,2.4828623089213317e-09,-0.04668959845003805,703936.3952776308,-0.6641097081441301,0,VALID
momentum_decay_seed_42,2001-11-23,2.3669384647110602e-09,-0.05482790158724645,927136.0690650427,-0.6522105178857897,0,VALID
momentum_decay_seed_42,2001-11-26,2.2371641955048138e-09,-0.035207254893257704,1243138.0923243456,-0.6401585076055403,0,VALID
momentum_decay_seed_42,2001-11-27,2.158399785435606e-09,-0.036851921284940956,1566106.3601953366,-0.6362849360057482,0,VALID
momentum_decay_seed_42,2001-11-28,2.0788586064412992e-09,-0.04647279836973657,972939.3366922507,-0.626683149902704,0,VALID
momentum_decay_seed_42,2001-11-29,1.982248229584961e-09,-0.04878822050700538,1211313.9965378244,-0.6306259488189907,0,VALID
momentum_decay_seed_42,2001-11-30,1.885537865860349e-09,-0.04176246868123818,1033231.270000837,-0.6386853177653793,0,VALID
momentum_decay_seed_42,2001-12-03,1.8067931497900672e-09,-0.05729286936373662,985288.6239369331,-0.6371109782703805,0,VALID
momentum_decay_seed_42,2001-12-04,1.7032767858918506e-09,-0.04366089622266258,901569.391017115,-0.6403927522024017,0,VALID
momentum_decay_seed_42,2001-12-05,1.6289101949045562e-09,-0.04659790023131662,1000748.6028633501,-0.6375745755229885,0,VALID
momentum_decay_seed_42,2001-12-06,1.5530064001566193e-09,-0.0537484146289761,1182368.7133280695,-0.6309753752988245,0,VALID
momentum_decay_seed_42,2001-12-07,1.4695347682395478e-09,-0.04621157396541606,1208115.9027647995,-0.6295371768960933,0,VALID
momentum_decay_seed_42,2001-12-10,1.4016252536022954e-09,-0.03557695208813756,734398.6545422333,-0.6281953006548933,0,VALID
momentum_decay_seed_42,2001-12-11,1.3517596991093628e-09,-0.06655095343185184,882332.6093649383,-0.6221281547463886,0,VALID
momentum_decay_seed_42,2001-12-12,1.2617988023228817e-09,-0.06021045160678322,770079.9584393702,-0.6311066033424958,0,VALID
momentum_decay_seed_42,2001-12-13,1.1858253265981229e-09,-0.052738505055462376,1013128.7649381292,-0.6310259508276241,0,VALID
momentum_decay_seed_42,2001-12-14,1.1232866716164323e-09,-0.04380298034517521,919240.0417181303,-0.6304857337023515,0,VALID
momentum_decay_seed_42,2001-12-17,1.0740833676176206e-09,-0.04683952129355714,1088683.143127756,-0.6298047719137114,0,VALID
momentum_decay_seed_42,2001-12-18,1.0237738168490394e-09,-0.04383865331997762,1107889.7882975354,-0.6224904664791904,0,VALID
momentum_decay_seed_42,2001-12-19,9.788929514141242e-10,-0.05364438252264461,590380.3224444188,-0.6229614817227218,0,VALID
momentum_decay_seed_42,2001-12-20,9.263808434797444e-10,-0.04963940073202205,579811.3330973694,-0.626889964799455,0,VALID
momentum_decay_seed_42,2001-12-21,8.803958535597848e-10,-0.0395446772521032,998842.4274485082,-0.6280444689687961,0,VALID
momentum_decay_seed_42,2001-12-24,8.455808836766732e-10,-0.04797224951747633,1345692.2951022172,-0.6220300300819589,0,VALID
momentum_decay_seed_42,2001-12-25,8.050164665377277e-10,-0.04514838887454262,882417.2437589342,-0.6270308809471734,0,VALID
momentum_decay_seed_42,2001-12-26,7.686712700560721e-10,-0.05001392651443349,876359.0397124396,-0.630243602102442,0,VALID
momentum_decay_seed_42,2001-12-27,7.302270016417315e-10,-0.05557771345989424,1279582.7896837953,-0.631616771934449,0,VALID
momentum_decay_seed_42,2001-12-28,6.896426545838096e-10,-0.043225986313076975,1223137.965979485,-0.6342461919908813,0,VALID
momentum_decay_seed_42,2001-12-31,6.598321706358558e-10,-0.040261058717825995,787652.7535878253,-0.6348048083354079,0,VALID
momentum_decay_seed_42,2002-01-01,6.33266628869975e-10,-0.04898074112627343,1190819.3342041385,-0.6282068574436708,0,VALID
momentum_decay_seed_42,2002-01-02,6.022487600573869e-10,-0.058592060185755704,826478.9222162629,-0.6302750379110527,0,VALID
momentum_decay_seed_42,2002-01-03,5.669617644613078e-10,-0.0445740553670804,874226.6218297551,-0.6349263181374332,0,VALID
momentum_decay_seed_42,2002-01-04,5.416899793811919e-10,-0.0456248775138013,787488.6730216601,-0.631386755122427,0,VALID
momentum_decay_seed_42,2002-01-07,5.169754404214714e-10,-0.05204068584438849,733125.1300232481,-0.631160012925851,0,VALID
momentum_decay_seed_42,2002-01-08,4.900716839372333e-10,-0.025548698549410834,1027791.1024432983,-0.6374565063153399,0,VALID
momentum_decay_seed_42,2002-01-09,4.775509902167188e-10,-0.03527985433509867,708695.7898283761,-0.621531587018801,0,VALID
momentum_decay_seed_42,2002-01-10,4.607030608442908e-10,-0.04588828081984037,1038171.0959652656,-0.6114916332863723,0,VALID
momentum_decay_seed_42,2002-01-11,4.3956218941370794e-10,-0.04555273181804767,1030029.0217975305,-0.608682092896937,0,VALID
momentum_decay_seed_42,2002-01-14,4.1953893088199143e-10,-0.03545949818542542,962307.458363226,-0.6093981682143043,0,VALID
momentum_decay_seed_42,2002-01-15,4.0466229092366616e-10,-0.038677654278207525,892152.8665258408,-0.6047346745308142,0,VALID
momentum_decay_seed_42,2002-01-16,3.8901090273589317e-10,-0.05060251846401287,851213.9430608806,-0.6026011810853047,0,VALID
momentum_decay_seed_42,2002-01-17,3.6932597134749784e-10,-0.0454497627965248,764914.9421475336,-0.6013238249182629,0,VALID
momentum_decay_seed_42,2002-01-18,3.5254019355515793e-10,-0.05077356179820854,1435167.3881906602,-0.599566272228907,0,VALID
momentum_decay_seed_42,2002-01-21,3.346404722513327e-10,-0.06114616963067927,951970.3166408571,-0.6042478268947126,0,VALID
momentum_decay_seed_42,2002-01-22,3.1417848916976207e-10,-0.06592794259721528,944288.8604655368,-0.6097241457420077,0,VALID
momentum_decay_seed_42,2002-01-23,2.9346534777049817e-10,-0.04773213953890865,795949.5323805354,-0.6182173587038178,0,VALID
momentum_decay_seed_42,2002-01-24,2.794576188408824e-10,-0.02190789138770497,1390625.0181655693,-0.6173003487784041,0,VALID
momentum_decay_seed_42,2002-01-25,2.733352916798497e-10,-0.0356469984335456,863599.4033163044,-0.6036566330938391,0,VALID
momentum_decay_seed_42,2002-01-28,2.6359170896550537e-10,-0.051512476467463764,1062833.144144055,-0.6005170394897663,0,VALID
momentum_decay_seed_42,2002-01-29,2.5001344726040124e-10,-0.04938083516320041,1114213.3195907117,-0.6052003439585396,0,VALID
momentum_decay_seed_42,2002-01-30,2.376675744326519e-10,-0.054083331628266694,1027983.3099079313,-0.6053664362712758,0,VALID
momentum_decay_seed_42,2002-01-31,2.24813720187325e-10,-0.06543625202522083,705021.1934787591,-0.6034763995047723,0,VALID
momentum_decay_seed_42,2002-02-01,2.101027529344197e-10,-0.05276700090085713,1177403.0650214206,-0.6121346878625411,0,VALID
momentum_decay_seed_42,2002-02-04,1.9901626078105662e-10,-0.04991494373276847,861549.9668122214,-0.6150373011553395,0,VALID
momentum_decay_seed_42,2002-02-05,1.890823753222642e-10,-0.04819636056973602,1219856.2979340605,-0.6141740453086835,0,VALID
momentum_decay_seed_42,2002-02-06,1.799692929838502e-10,-0.037737070443510504,848730.3652013207,-0.6231412002681058,0,VALID
momentum_decay_seed_42,2002-02-07,1.7317777909684988e-10,-0.04505443344677147,1484081.9650678097,-0.6241010884983444,0,VALID
momentum_decay_seed_42,2002-02-08,1.6537535237407116e-10,-0.03758040003186189,1275599.0071782735,-0.6237725710788493,0,VALID
momentum_decay_seed_42,2002-02-11,1.5916048047644343e-10,-0.043859008228873765,1326474.7098625912,-0.6206300088960938,0,VALID
momentum_decay_seed_42,2002-02-12,1.521798596535156e-10,-0.04480339426653498,1161354.227587912,-0.6239336773729129,0,VALID
momentum_decay_seed_42,2002-02-13,1.4536168540203318e-10,-0.04299276843140414,760077.848556231,-0.6263300478734346,0,VALID
momentum_decay_seed_42,2002-02-14,1.3911218412274496e-10,-0.05794599455125055,712515.5854365642,-0.623334953631369,0,VALID
momentum_decay_seed_42,2002-02-15,1.3105119025955581e-10,-0.04159779837305803,1385264.7366265105,-0.6282659604342342,0,VALID
momentum_decay_seed_42,2002-02-18,1.2559974927058956e-10,-0.05271674383687293,1450414.78249841,-0.624672567470388,0,VALID
momentum_decay_seed_42,2002-02-19,1.1897853946231642e-10,-0.05240437197070343,749714.9507818753,-0.6213027194295662,0,VALID
momentum_decay_seed_42,2002-02-20,1.1274354382380216e-10,-0.04921011283659991,1025835.9326975367,-0.61581990964067,0,VALID
momentum_decay_seed_42,2002-02-21,1.071954213106347e-10,-0.053612704250034456,1327662.8219590427,-0.6164161787563586,0,VALID
momentum_decay_seed_42,2002-02-22,1.014483848909498e-10,-0.05988627149434606,1091997.532768582,-0.628850031521822,0,VALID
momentum_decay_seed_42,2002-02-25,9.537301937070746e-11,-0.049968914498143634,1119161.0246973815,-0.6381789861865939,0,VALID
momentum_decay_seed_42,2002-02-26,9.060733312034277e-11,-0.05235829362174853,829067.8060824326,-0.6375901611965263,0,VALID
momentum_decay_seed_42,2002-02-27,8.586328776854429e-11,-0.052701551293370966,955000.0017883336,-0.6387252742680072,0,VALID
momentum_decay_seed_42,2002-02-28,8.133815930399289e-11,-0.0509844600230788,1557115.8726937831,-0.6381975297761264,0,VALID
momentum_decay_seed_42,2002-03-01,7.719117717260764e-11,-0.07097450957610142,940847.6755832209,-0.6326027332126312,0,VALID
momentum_decay_seed_42,2002-03-04,7.171257122917986e-11,-0.052630734244563535,799673.4373256041,-0.6396647643376594,0,VALID
momentum_decay_seed_42,2002-03-05,6.793828595082255e-11,-0.03618292406622203,842431.2949984671,-0.6406947721328795,0,VALID
momentum_decay_seed_42,2002-03-06,6.548008010907466e-11,-0.03711555750681748,959604.1302880625,-0.6361597080066842,0,VALID
momentum_decay_seed_42,2002-03-07,6.304975043023528e-11,-0.04962772163578424,1015545.7558804315,-0.635924708360103,0,VALID
momentum_decay_seed_42,2002-03-08,5.99207349666779e-11,-0.04996203748378541,978045.4751419921,-0.6376682854701343,0,VALID
momentum_decay_seed_42,2002-03-11,5.692697296021677e-11,-0.07319610726751219,1536794.4956383219,-0.6423297241261956,0,VALID
momentum_decay_seed_42,2002-03-12,5.2760140141005974e-11,-0.05543170831056114,606296.3196457464,-0.6533040557329287,0,VALID
momentum_decay_seed_42,2002-03-13,4.983555544228541e-11,-0.04309895575235988,1003638.5740814607,-0.6571616839440666,0,VALID
momentum_decay_seed_42,2002-03-14,4.768769504338407e-11,-0.053842459128805704,1125549.993729374,-0.6571997244949654,0,VALID
momentum_decay_seed_42,2002-03-15,4.5120072272063715e-11,-0.03969804596847269,1290153.1384575143,-0.6557065053533635,0,VALID
momentum_decay_seed_42,2002-03-18,4.332889356890652e-11,-0.04037342427513159,1047089.549477524,-0.6550240440722566,0,VALID
momentum_decay_seed_42,2002-03-19,4.157955776547704e-11,-0.05561483026782884,1070537.989304623,-0.6505289277093004,0,VALID
momentum_decay_seed_42,2002-03-20,3.9267117717738647e-11,-0.04889386877421323,1190596.2234380865,-0.651712937291504,0,VALID
momentum_decay_seed_42,2002-03-21,3.734719641690595e-11,-0.03527046427810426,1000335.0177945528,-0.6515970928582862,0,VALID
momentum_decay_seed_42,2002-03-22,3.602994345979613e-11,-0.0641768417015957,541876.029190835,-0.644844582804094,0,VALID
momentum_decay_seed_42,2002-03-25,3.371765548185935e-11,-0.05363260647568806,743216.7109573133,-0.6464654710070417,0,VALID
momentum_decay_seed_42,2002-03-26,3.190928973411796e-11,-0.06507325647773048,938331.4422510319,-0.6478288386246099,0,VALID
momentum_decay_seed_42,2002-03-27,2.983284833922749e-11,-0.058608416785235706,781695.8848904375,-0.6525540878466496,0,VALID
momentum_decay_seed_42,2002-03-28,2.808439232987132e-11,-0.03198258052252854,1848465.84673526,-0.654720581702509,0,VALID
momentum_decay_seed_42,2002-03-29,2.718618099075493e-11,-0.05363583290306799,902183.489518177,-0.6478071460166522,0,VALID
momentum_decay_seed_42,2002-04-01,2.5728027529862235e-11,-0.06908130413225266,750285.859329229,-0.6412340669303251,0,VALID
momentum_decay_seed_42,2002-04-02,2.3950701835348853e-11,-0.059978519832440264,971202.7310908587,-0.6474638489895714,0,VALID
momentum_decay_seed_42,2002-04-03,2.2514174190316517e-11,-0.06600205849043478,979010.7725211338,-0.656167583289252,0,VALID
momentum_decay_seed_42,2002-04-04,2.102819234854341e-11,-0.048513729046971696,826551.0355897323,-0.6664825442598514,0,VALID
momentum_decay_seed_42,2002-04-05,2.000803632259857e-11,-0.045825280412579855,1095874.1983889588,-0.6660916069583409,0,VALID
momentum_decay_seed_42,2002-04-08,1.9091162447610407e-11,-0.041453142698644384,718835.8532245973,-0.6646376672627191,0,VALID
momentum_decay_seed_42,2002-04-09,1.829977376638661e-11,-0.04367142085392694,818687.4235950157,-0.6531515322461445,0,VALID
momentum_decay_seed_42,2002-04-10,1.750059664470309e-11,-0.06376387499077948,997343.864631862,-0.6488331174522467,0,VALID
momentum_decay_seed_42,2002-04-11,1.6384690787986186e-11,-0.046346362579362324,923994.2538421914,-0.6564168015862342,0,VALID
momentum_decay_seed_42,2002-04-12,1.5625319967975442e-11,-0.05140987897444419,1165606.2583793898,-0.653694704348913,0,VALID
momentum_decay_seed_42,2002-04-15,1.482202415948486e-11,-0.03992489229013441,1466596.9582347174,-0.6579182402635508,0,VALID
momentum_decay_seed_42,2002-04-16,1.4230256441395658e-11,-0.04249878187863056,937851.6209586903,-0.657758350349487,0,VALID
momentum_decay_seed_42,2002-04-17,1.3625487876815806e-11,-0.030395153992169733,1621656.8464136578,-0.6530051435208705,0,VALID
momentum_decay_seed_42,2002-04-18,1.3211339074581547e-11,-0.059265331111571506,735650.6228255042,-0.646256202818984,0,VALID
momentum_decay_seed_42,2002-04-19,1.2428364689899229e-11,-0.06058281050837638,1449515.9841651178,-0.6550545602779707,0,VALID
momentum_decay_seed_42,2002-04-22,1.1675419426962068e-11,-0.05486194130699047,718467.1582162909,-0.6537297964491144,0,VALID
momentum_decay_seed_42,2002-04-23,1.1034883251625577e-11,-0.05102396706611097,1110773.5642944416,-0.6541796027560309,0,VALID
momentum_decay_seed_42,2002-04-24,1.0471839732016254e-11,-0.05674212461724509,849896.3270598333,-0.6489829059249856,0,VALID
momentum_decay_seed_42,2002-04-25,9.87764529697037e-12,-0.05879509628658943,836871.9005835437,-0.6482870207426835,0,VALID
momentum_decay_seed_42,2002-04-26,9.29688819065022e-12,-0.04702488928814445,1768989.0395600316,-0.6580289010136522,0,VALID
momentum_decay_seed_42,2002-04-29,8.859703052760637e-12,-0.05489077468118924,1248184.0856555277,-0.655640019722566,0,VALID
momentum_decay_seed_42,2002-04-30,8.373387088749308e-12,-0.057135539813703555,954574.8992316729,-0.6503907423543213,0,VALID
momentum_decay_seed_42,2002-05-01,7.89496909736452e-12,-0.06378009276847867,515340.6793454179,-0.6493333919056115,0,VALID
momentum_decay_seed_42,2002-05-02,7.39142723593034e-12,-0.07249783777951607,635937.7040825665,-0.6484991618196638,0,VALID
momentum_decay_seed_42,2002-05-03,6.855564743220765e-12,-0.036750443206183696,741678.2586181614,-0.6573594413421981,0,VALID
momentum_decay_seed_42,2002-05-06,6.603619700478715e-12,-0.03709436237678826,988952.4356173725,-0.6541007013794871,0,VALID
momentum_decay_seed_42,2002-05-07,6.35866263831066e-12,-0.04217441174284841,1108209.4937397304,-0.6525278006447064,0,VALID
momentum_decay_seed_42,2002-05-08,6.090489782068679e-12,-0.044760490458073295,798337.1725108684,-0.6519838777089871,0,VALID
momentum_decay_seed_42,2002-05-09,5.8178764722934015e-12,-0.055766472922336933,1199828.414338077,-0.6449199714797629,0,VALID
momentum_decay_seed_42,2002-05-10,5.49343402153575e-12,-0.044338122414251675,1150141.6315415185,-0.648427422107534,0,VALID
momentum_decay_seed_42,2002-05-13,5.249865471414283e-12,-0.061227684322709953,871631.8319616262,-0.6458064421616256,0,VALID
momentum_decay_seed_42,2002-05-14,4.9284283655938345e-12,-0.049134944580785385,743763.5654898346,-0.6536655269783409,0,VALID
momentum_decay_seed_42,2002-05-15,4.686270310980011e-12,-0.05792525830457915,1085187.1571623122,-0.6560658705693874,0,VALID
momentum_decay_seed_42,2002-05-16,4.414816892731413e-12,-0.04429462963861515,1006668.4712318917,-0.6658312327154281,0,VALID
momentum_decay_seed_42,2002-05-17,4.219264213545573e-12,-0.03448119879877512,1167129.9239291248,-0.6605133242529767,0,VALID
momentum_decay_seed_42,2002-05-20,4.073778925413751e-12,-0.06001291432756545,1376088.7115683027,-0.65108072126247,0,VALID
momentum_decay_seed_42,2002-05-21,3.829299579773454e-12,-0.05530976504555715,1523326.6857443412,-0.6529823204781664,0,VALID
momentum_decay_seed_42,2002-05-22,3.6175019197271337e-12,-0.04932013373948911,1298510.9736607026,-0.6545495335774569,0,VALID
momentum_decay_seed_42,2002-05-23,3.439086241243333e-12,-0.06807696859774934,902093.2845267488,-0.6518313689297838,0,VALID
momentum_decay_seed_42,2002-05-24,3.2049636751932588e-12,-0.06559383235305609,958015.6859004026,-0.6552649005269897,0,VALID
momentum_decay_seed_42,2002-05-27,2.994737825184998e-12,-0.03483207342860752,1273571.0550341327,-0.6619821446214438,0,VALID
momentum_decay_seed_42,2002-05-28,2.8904248973587256e-12,-0.04698029257480729,819363.2642906317,-0.6548081598613334,0,VALID
momentum_decay_seed_42,2002-05-29,2.7546318900153054e-12,-0.0562848473013679,834145.1253905058,-0.6510902251745545,0,VALID
momentum_decay_seed_42,2002-05-30,2.5995878547143154e-12,-0.05038538261843413,1213639.4753050224,-0.6482969023793532,0,VALID
momentum_decay_seed_42,2002-05-31,2.4686066260043002e-12,-0.05482232478702921,1544827.1243781126,-0.6399119958067027,0,VALID
momentum_decay_seed_42,2002-06-03,2.33327187178208e-12,-0.04902586587042218,1283812.3928676078,-0.6466677401769616,0,VALID
momentum_decay_seed_42,2002-06-04,2.218881197956863e-12,-0.05447157657329947,1220114.2506522317,-0.6510459314843655,0,VALID
momentum_decay_seed_42,2002-06-05,2.0980152408753013e-12,-0.05115498879298935,987686.7270606774,-0.6555260223812911,0,VALID
momentum_decay_seed_42,2002-06-06,1.990691294740804e-12,-0.04337918465418247,811383.6500476861,-0.6578319762853138,0,VALID
momentum_decay_seed_42,2002-06-07,1.904336729476769e-12,-0.044064453050944336,1176521.5562767333,-0.6533431143413659,0,VALID
momentum_decay_seed_42,2002-06-10,1.8204231730675512e-12,-0.03550655198763697,1468499.9145668924,-0.6532438434889761,0,VALID
momentum_decay_seed_42,2002-06-11,1.7557862230335291e-12,-0.04626947681565822,910522.9515834418,-0.6437431788009824,0,VALID
momentum_decay_seed_42,2002-06-12,1.6745469130936273e-12,-0.04976644683885445,855644.6031279638,-0.6426695854120631,0,VALID
momentum_decay_seed_42,2002-06-13,1.5912106631639855e-12,-0.03379929690863949,860761.8908990524,-0.6395749355349785,0,VALID
momentum_decay_seed_42,2002-06-14,1.5374288615155129e-12,-0.052180291281044226,1095186.3567335324,-0.6356168318211185,0,VALID
momentum_decay_seed_42,2002-06-17,1.4572053756977492e-12,-0.07170615409795411,1347707.0177227857,-0.6422964028295304,0,VALID
momentum_decay_seed_42,2002-06-18,1.3527147824755993e-12,-0.04204161344780226,604396.0108929175,-0.6467461596317237,0,VALID
momentum_decay_seed_42,2002-06-19,1.2958444704856323e-12,-0.047495536997392396,1015231.9535282525,-0.6417847179516142,0,VALID
momentum_decay_seed_42,2002-06-20,1.2342976414948156e-12,-0.050232337108503666,717775.0744250882,-0.6410972116103201,0,VALID
momentum_decay_seed_42,2002-06-21,1.172295986275017e-12,-0.04175800380204137,1650168.4153294286,-0.6342248758234903,0,VALID
momentum_decay_seed_42,2002-06-24,1.123343246023027e-12,-0.05439053910104938,1043339.5103041105,-0.6248942940594029,0,VALID
momentum_decay_seed_42,2002-06-25,1.0622440012763118e-12,-0.07129197889200017,906065.9229327056,-0.6324955537689314,0,VALID
momentum_decay_seed_42,2002-06-26,9.865145243591673e-13,-0.041545168915181466,1066529.6984935347,-0.6418706514162639,0,VALID
momentum_decay_seed_42,2002-06-27,9.455296118073858e-13,-0.05661416892306816,674418.2363609982,-0.6362771082759595,0,VALID
momentum_decay_seed_42,2002-06-28,8.919992386427594e-13,-0.05965351194808764,748737.9987524054,-0.6386628678516698,0,VALID
momentum_decay_seed_42,2002-07-01,8.387883514026985e-13,-0.07084402154988474,1013460.1902946684,-0.6405098087596375,0,VALID
momentum_decay_seed_42,2002-07-02,7.793652113601333e-13,-0.04246144930066318,1165986.6163334972,-0.6487575756296597,0,VALID
momentum_decay_seed_42,2002-07-03,7.462722349512644e-13,-0.07480708509984542,939154.152097902,-0.6442960849798611,0,VALID
momentum_decay_seed_42,2002-07-04,6.904457843636133e-13,-0.037670980658973036,779498.3895419643,-0.6531628052085735,0,VALID
momentum_decay_seed_42,2002-07-05,6.644360145747822e-13,-0.053475234121935195,499324.76154678327,-0.6510932104127714,0,VALID
momentum_decay_seed_42,2002-07-08,6.289051431363501e-13,-0.04195429698415164,744531.4425675569,-0.6545280501584709,0,VALID
momentum_decay_seed_42,2002-07-09,6.025198699863473e-13,-0.04596045979264389,844695.9929324734,-0.6568375682175281,0,VALID
momentum_decay_seed_42,2002-07-10,5.748277797275708e-13,-0.031637741602699804,1151845.1153943266,-0.6567263805911474,0,VALID
momentum_decay_seed_42,2002-07-11,5.566415269664962e-13,-0.04623955630377389,950530.0658691435,-0.6501773524696834,0,VALID
momentum_decay_seed_42,2002-07-12,5.309026697393102e-13,-0.03809586436706256,689861.8838352781,-0.6546814730562717,0,VALID
momentum_decay_seed_42,2002-07-15,5.1067747364081e-13,-0.05560754164087746,826853.941494274,-0.6495501031237385,0,VALID
momentum_decay_seed_42,2002-07-16,4.822799547602706e-13,-0.0656288434533985,994453.4902875314,-0.6434725479397427,0,VALID
momentum_decay_seed_42,2002-07-17,4.5062847910859666e-13,-0.0403253372707499,1058859.6289130868,-0.6522511077739765,0,VALID
momentum_decay_seed_42,2002-07-18,4.324567337047374e-13,-0.06588897564178725,1075981.7018445581,-0.6496333467987478,0,VALID
momentum_decay_seed_42,2002-07-19,4.0396260251153906e-13,-0.0425797109702051,969521.795300132,-0.655409037272972,0,VALID
momentum_decay_seed_42,2002-07-22,3.867619916538259e-13,-0.060747660138177145,625316.6037596927,-0.6557045292940695,0,VALID
momentum_decay_seed_42,2002-07-23,3.6326710563047476e-13,-0.04729904565802714,1245000.4620242026,-0.658019150784565,0,VALID
momentum_decay_seed_42,2002-07-24,3.460849182151996e-13,-0.031405051923766886,1108483.5338618918,-0.6491841633654467,0,VALID
momentum_decay_seed_42,2002-07-25,3.3521610338861867e-13,-0.04342111989566821,1124274.7876898933,-0.6454726544757801,0,VALID
momentum_decay_seed_42,2002-07-26,3.2066064477242274e-13,-0.05213804558090491,1969316.2116369035,-0.6405146653932903,0,VALID
momentum_decay_seed_42,2002-07-29,3.039420254592758e-13,-0.045722036017528674,819164.2294236154,-0.637641575552407,0,VALID
momentum_decay_seed_42,2002-07-30,2.900451772239862e-13,-0.05526715391946208,1115996.5330265092,-0.6278443366521262,0,VALID
momentum_decay_seed_42,2002-07-31,2.740152057707505e-13,-0.026901555779099223,772518.552058643,-0.6328213848279574,0,VALID
momentum_decay_seed_42,2002-08-01,2.666437704283873e-13,-0.05732285381402076,1085142.0147492567,-0.6138092570524506,0,VALID
momentum_decay_seed_42,2002-08-02,2.5135898855570155e-13,-0.05109145151561335,1257320.1307322376,-0.6216957193138255,0,VALID
momentum_decay_seed_42,2002-08-05,2.3851669297889433e-13,-0.04437727128085507,938736.5894177591,-0.6207429759766131,0,VALID
momentum_decay_seed_42,2002-08-06,2.279319729895575e-13,-0.04647372796082828,723995.1633620281,-0.6217021473586883,0,VALID
momentum_decay_seed_42,2002-08-07,2.1733912448326595e-13,-0.0453382233780269,1613230.5186705412,-0.6219056695793828,0,VALID
momentum_decay_seed_42,2002-08-08,2.0748535470865887e-13,-0.05507105280428242,910234.4949160143,-0.6272549842995324,0,VALID
momentum_decay_seed_42,2002-08-09,1.9605891778338307e-13,-0.05253962678047781,902501.4398846865,-0.6307064760483233,0,VALID
momentum_decay_seed_42,2002-08-12,1.8575805541605972e-13,-0.040836885589254336,909871.7411558154,-0.6362517146258257,0,VALID
momentum_decay_seed_42,2002-08-13,1.7817227495975172e-13,-0.04137999949587866,648364.4772887253,-0.6305625535518747,0,VALID
momentum_decay_seed_42,2002-08-14,1.7079950631173765e-13,-0.04623052214304628,909444.2036485795,-0.6209748956621608,0,VALID
momentum_decay_seed_42,2002-08-15,1.629033559531715e-13,-0.03671368933150564,754464.5568550291,-0.6233071582499747,0,VALID
momentum_decay_seed_42,2002-08-16,1.5692257275164709e-13,-0.040404094742499265,1365347.1792131958,-0.6115418314071173,0,VALID
momentum_decay_seed_42,2002-08-19,1.505822582549528e-13,-0.04170878928933947,684758.7490317061,-0.6106591094666496,0,VALID
momentum_decay_seed_42,2002-08-20,1.4430165457468408e-13,-0.06605271247132569,1106513.1579122883,-0.6027670759667635,0,VALID
momentum_decay_seed_42,2002-08-21,1.347701388759259e-13,-0.04635465510966738,993944.0655983919,-0.6105865012235978,0,VALID
momentum_decay_seed_42,2002-08-22,1.285229155692504e-13,-0.04822738633051145,1149145.7249481494,-0.6165968332963624,0,VALID
momentum_decay_seed_42,2002-08-23,1.2232459126776844e-13,-0.035263886077469046,1075523.8596795613,-0.6185232167964239,0,VALID
momentum_decay_seed_42,2002-08-26,1.180109508168289e-13,-0.07867054953782744,1358672.9855483237,-0.6117320379157609,0,VALID
momentum_decay_seed_42,2002-08-27,1.0872696446458744e-13,-0.05164651027543952,923707.6636697061,-0.6251378302331727,0,VALID
momentum_decay_seed_42,2002-08-28,1.0311159617714977e-13,-0.04905816941767688,645309.8801726911,-0.6237011888186377,0,VALID
momentum_decay_seed_42,2002-08-29,9.805313002296407e-14,-0.06086567859590591,1366413.5261294933,-0.6322691887178431,0,VALID
momentum_decay_seed_42,2002-08-30,9.208505972566377e-14,-0.05915823477296438,1087737.9173986434,-0.6336512163150372,0,VALID
momentum_decay_seed_42,2002-09-02,8.663747014333051e-14,-0.03522606365829965,845372.4276690626,-0.6367655904444525,0,VALID
momentum_decay_seed_42,2002-09-03,8.358557310486752e-14,-0.04537787510989376,873157.3882496422,-0.6332871952602415,0,VALID
momentum_decay_seed_42,2002-09-04,7.979263740752594e-14,-0.0313768243860512,626375.9500155407,-0.6328657456533116,0,VALID
momentum_decay_seed_42,2002-09-05,7.728899783629014e-14,-0.05182499842650262,1162604.9239603383,-0.6274966108098776,0,VALID
momentum_decay_seed_42,2002-09-06,7.328349564503844e-14,-0.0640981942894781,1154753.1838480583,-0.626216973583389,0,VALID
momentum_decay_seed_42,2002-09-09,6.858615590297064e-14,-0.053239847754964306,1343976.4040523386,-0.6307769493530075,0,VALID
momentum_decay_seed_42,2002-09-10,6.493463940459824e-14,-0.05491655614965485,950262.1560089749,-0.6355513818338646,0,VALID
momentum_decay_seed_42,2002-09-11,6.136865263367803e-14,-0.04305329388371592,864881.4351062819,-0.6406977165281147,0,VALID
momentum_decay_seed_42,2002-09-12,5.872652999659261e-14,-0.043482518585969604,1066067.572451619,-0.6395007969419964,0,VALID
momentum_decay_seed_42,2002-09-13,5.617295256452627e-14,-0.044868001889228196,997803.7429382232,-0.6420339561126864,0,VALID
momentum_decay_seed_42,2002-09-16,5.3652584422737577e-14,-0.02770268158590452,900583.6858989092,-0.6436991645330642,0,VALID
momentum_decay_seed_42,2002-09-17,5.216626396021362e-14,-0.03739062676437016,675715.86853891,-0.6384915743761296,0,VALID
momentum_decay_seed_42,2002-09-18,5.0215734654785655e-14,-0.05852158805965594,1407727.7260907658,-0.6273971736349102,0,VALID
momentum_decay_seed_42,2002-09-19,4.72770301172053e-14,-0.04004509717054682,1745984.1904284582,-0.6321509677258168,0,VALID
momentum_decay_seed_42,2002-09-20,4.5383816852226945e-14,-0.04971977812974124,1274794.197308048,-0.6289886082440954,0,VALID
momentum_decay_seed_42,2002-09-23,4.312734354765341e-14,-0.052094088270396084,947141.7255946817,-0.6345479529726554,0,VALID
momentum_decay_seed_42,2002-09-24,4.088066390601426e-14,-0.035988137249661045,1102557.6851260192,-0.6240062057528594,0,VALID
momentum_decay_seed_42,2002-09-25,3.940944496250735e-14,-0.059114436231372906,1046371.5934974859,-0.6177981291764665,0,VALID
momentum_decay_seed_42,2002-09-26,3.707977784135741e-14,-0.04078849253605208,1228884.3995672353,-0.6218399368518546,0,VALID
momentum_decay_seed_42,2002-09-27,3.556734959963673e-14,-0.042545010934750174,1177819.5405514736,-0.6137554810129071,0,VALID
momentum_decay_seed_42,2002-09-30,3.405413632200011e-14,-0.0592898916713058,934510.8585298201,-0.6069352410029756,0,VALID
momentum_decay_seed_42,2002-10-01,3.203507026850884e-14,-0.06635463248457858,804891.0457161991,-0.6167392400562088,0,VALID
momentum_decay_seed_42,2002-10-02,2.9909394954224286e-14,-0.05083448783226594,1061026.836482563,-0.6251609681546475,0,VALID
momentum_decay_seed_42,2002-10-03,2.8388966180353333e-14,-0.0795561882434507,895836.8889762597,-0.6326907195706498,0,VALID
momentum_decay_seed_42,2002-10-04,2.613044824287219e-14,-0.038791593485968334,732106.4387789952,-0.6434333813790811,0,VALID
momentum_decay_seed_42,2002-10-07,2.5116806517028552e-14,-0.04639408322343159,846913.6818128751,-0.6337918901219439,0,VALID
momentum_decay_seed_42,2002-10-08,2.39515353051707e-14,-0.03561294517640769,706330.9684542769,-0.6311439391241986,0,VALID
momentum_decay_seed_42,2002-10-09,2.3098550591456863e-14,-0.04709959603516465,964633.6230053708,-0.6236099441625872,0,VALID
momentum_decay_seed_42,2002-10-10,2.2010618189601433e-14,-0.03483559899410597,1788621.0287662155,-0.6252014516968989,0,VALID
momentum_decay_seed_42,2002-10-11,2.1243865120736103e-14,-0.055932201848703594,926221.9323179016,-0.6218132722090204,0,VALID
momentum_decay_seed_42,2002-10-14,2.0055648968756456e-14,-0.04490101751523465,921837.5602582535,-0.6261941678198634,0,VALID
momentum_decay_seed_42,2002-10-15,1.9155129923130926e-14,-0.05395244145003472,974036.9559917691,-0.6328061764641563,0,VALID
momentum_decay_seed_42,2002-10-16,1.8121663897485395e-14,-0.05114209891777837,1443102.504094351,-0.6391237921327839,0,VALID
momentum_decay_seed_42,2002-10-17,1.7194883969885464e-14,-0.04909257436247827,1776947.9774637776,-0.6362951749029638,0,VALID
momentum_decay_seed_42,2002-10-18,1.6350742849939676e-14,-0.04642680577289374,1562566.401298009,-0.6397230558377471,0,VALID
momentum_decay_seed_42,2002-10-21,1.5591630087402995e-14,-0.05724611051517725,1272190.4051671303,-0.638474600918207,0,VALID
momentum_decay_seed_42,2002-10-22,1.469906990830776e-14,-0.045402940449850125,807800.7837327634,-0.6404395500498399,0,VALID
momentum_decay_seed_42,2002-10-23,1.4031688912592678e-14,-0.04959743497999537,1280356.1873857356,-0.6439511156287054,0,VALID
momentum_decay_seed_42,2002-10-24,1.3335753134090841e-14,-0.06360258366289327,724989.3355869253,-0.6403497024403249,0,VALID
momentum_decay_seed_42,2002-10-25,1.2487564779672137e-14,-0.06767622112939381,699923.5945446759,-0.6489037018434547,0,VALID
momentum_decay_seed_42,2002-10-28,1.1642453584275416e-14,-0.03874956078291975,1027749.3762236886,-0.6581192524106387,0,VALID
momentum_decay_seed_42,2002-10-29,1.1191313621449214e-14,-0.07260414757337852,996651.6714653358,-0.6506543132995555,0,VALID
momentum_decay_seed_42,2002-10-30,1.0378777835737554e-14,-0.051627989966326074,953429.1946302031,-0.6529927184544502,0,VALID
momentum_decay_seed_42,2002-10-31,9.842942397771368e-15,-0.06457137912919557,1688768.7068333388,-0.6532828164562328,0,VALID
momentum_decay_seed_42,2002-11-01,9.20737003245804e-15,-0.03294147319455436,906948.6908443399,-0.6476382667882628,0,VALID
momentum_decay_seed_42,2002-11-04,8.90406569934148e-15,-0.044366869264835754,1119066.1975296356,-0.6454937177899288,0,VALID
momentum_decay_seed_42,2002-11-05,8.509020180533287e-15,-0.04670056461342736,1029060.3550937427,-0.6447400940224344,0,VALID
momentum_decay_seed_42,2002-11-06,8.111644133795335e-15,-0.05809486318892767,1214584.9124397533,-0.6488245398048709,0,VALID
momentum_decay_seed_42,2002-11-07,7.640399277605227e-15,-0.0637300301688554,1245472.0874209343,-0.6528766610828399,0,VALID
momentum_decay_seed_42,2002-11-08,7.153476401141345e-15,-0.04821259036713673,1085555.6689846227,-0.6632686019947073,0,VALID
momentum_decay_seed_42,2002-11-11,6.808588773712137e-15,-0.050226852753256473,857209.209235963,-0.6605151603760693,0,VALID
momentum_decay_seed_42,2002-11-12,6.4666147879174225e-15,-0.06071701326861745,855871.4938078509,-0.662408200107867,0,VALID
momentum_decay_seed_42,2002-11-13,6.0739812520364025e-15,-0.06103988635371662,915391.2720314052,-0.6648220998691383,0,VALID
momentum_decay_seed_42,2002-11-14,5.7032261266974954e-15,-0.06150085494152364,1084044.9468301581,-0.6683184290928668,0,VALID
momentum_decay_seed_42,2002-11-15,5.352472843980765e-15,-0.061814790679288203,1194818.4578764879,-0.6726465033972133,0,VALID
momentum_decay_seed_42,2002-11-18,5.02161085551352e-15,-0.05624603408215179,867991.1771950729,-0.6779290665976838,0,VALID
momentum_decay_seed_42,2002-11-19,4.739165160187003e-15,-0.04669710054383409,1392759.0143248881,-0.6775874126900725,0,VALID
momentum_decay_seed_42,2002-11-20,4.517859888207914e-15,-0.04501280558930277,948443.128669013,-0.6780245117782379,0,VALID
momentum_decay_seed_42,2002-11-21,4.314498339380302e-15,-0.05043133589640908,590492.6521662284,-0.6764713401636884,0,VALID
momentum_decay_seed_42,2002-11-22,4.096912424402515e-15,-0.04867653493597328,1647696.9820259155,-0.6719206269046414,0,VALID
momentum_decay_seed_42,2002-11-25,3.897488923646463e-15,-0.04451871620357804,1017123.2426715798,-0.6652347466593719,0,VALID
momentum_decay_seed_42,2002-11-26,3.723977720348058e-15,-0.0699746669288986,1250947.5583583093,-0.6672439137787451,0,VALID
momentum_decay_seed_42,2002-11-27,3.463393619716063e-15,-0.047897087089138535,656664.7790616448,-0.666300437823184,0,VALID
momentum_decay_seed_42,2002-11-28,3.297507153888556e-15,-0.036879747377800864,836340.7606832804,-0.6649876611453933,0,VALID
momentum_decay_seed_42,2002-11-29,3.175895923076655e-15,-0.06934530735713118,924230.6683064371,-0.655070241352209,0,VALID
momentum_decay_seed_42,2002-12-02,2.9556624441566445e-15,-0.07749676019630576,728328.2211137351,-0.6680547354479609,0,VALID
momentum_decay_seed_42,2002-12-03,2.72660818050061e-15,-0.05188384127264384,943148.6398557642,-0.6795626144196399,0,VALID
momentum_decay_seed_42,2002-12-04,2.5851412744508236e-15,-0.03921120960970262,899320.6109477278,-0.6813048955537366,0,VALID
momentum_decay_seed_42,2002-12-05,2.4837747580676387e-15,-0.05170388423356111,1349359.3970542054,-0.6749155812644726,0,VALID
momentum_decay_seed_42,2002-12-06,2.3553539555142683e-15,-0.04382718419507742,586446.7447103601,-0.6707399558711804,0,VALID
momentum_decay_seed_42,2002-12-09,2.2521254238613402e-15,-0.04690608429843055,1148940.3204912853,-0.669222874414627,0,VALID
momentum_decay_seed_42,2002-12-10,2.1464870388790614e-15,-0.061648280964610405,1278094.040452784,-0.6680663516729533,0,VALID
momentum_decay_seed_42,2002-12-11,2.0141598028193506e-15,-0.05959427753141868,1652334.0209948816,-0.6683954527939857,0,VALID
momentum_decay_seed_42,2002-12-12,1.8941274045375066e-15,-0.06687347694413352,1205995.9400020686,-0.6678849194369366,0,VALID
momentum_decay_seed_42,2002-12-13,1.7674605192209163e-15,-0.03483631353274664,792497.3066245279,-0.669786177204327,0,VALID
momentum_decay_seed_42,2002-12-16,1.7058887104165852e-15,-0.041600773948672023,936856.6883715932,-0.6602905403265985,0,VALID
momentum_decay_seed_42,2002-12-17,1.6349224197929533e-15,-0.05104958156000173,1061028.6341747718,-0.655018897942683,0,VALID
momentum_decay_seed_42,2002-12-18,1.5514603143794575e-15,-0.052366588246519005,1406300.6178427225,-0.6565939730824919,0,VALID
momentum_decay_seed_42,2002-12-19,1.4702156309155335e-15,-0.05803240091951706,640706.0376304872,-0.6592383365880023,0,VALID
momentum_decay_seed_42,2002-12-20,1.3848954879841025e-15,-0.04604490893637492,1147743.604787217,-0.6619660504004861,0,VALID
momentum_decay_seed_42,2002-12-23,1.321128101353478e-15,-0.057243425194082015,675863.2187370601,-0.6610309542284882,0,VALID
momentum_decay_seed_42,2002-12-24,1.2455022037118507e-15,-0.05365469594114225,864650.1218375318,-0.6655452053576085,0,VALID
momentum_decay_seed_42,2002-12-25,1.1786751616776687e-15,-0.05628371108119479,708944.243099953,-0.6596762334584716,0,VALID
momentum_decay_seed_42,2002-12-26,1.1123349494192222e-15,-0.04228466740238081,833474.1247912277,-0.6626739844650493,0,VALID
momentum_decay_seed_42,2002-12-27,1.0653002360429863e-15,-0.05145810458088816,1224191.1347585411,-0.6645670192457143,0,VALID
momentum_decay_seed_42,2002-12-30,1.0104819050866414e-15,-0.04860075687960887,906639.8835781486,-0.6581199902971437,0,VALID
momentum_decay_seed_42,2002-12-31,9.613717196862816e-16,-0.061468320821674416,815345.1349930672,-0.6474111217880333,0,VALID
momentum_decay_seed_42,2003-01-01,9.022778143917203e-16,-0.05634813163971457,790527.1305055408,-0.6509754328287547,0,VALID
momentum_decay_seed_42,2003-01-02,8.514361453307818e-16,-0.04837940440937125,747614.0202126727,-0.65720074150637,0,VALID
momentum_decay_seed_42,2003-01-03,8.102441717270676e-16,-0.06587098300798241,1200128.8408985285,-0.6559989763618527,0,VALID
momentum_decay_seed_42,2003-01-06,7.568725916589171e-16,-0.05219935795266336,1006301.9520697861,-0.66392964457493,0,VALID
momentum_decay_seed_42,2003-01-07,7.173643283223533e-16,-0.050129387681035885,1089127.7770706783,-0.665796105297251,0,VALID
momentum_decay_seed_42,2003-01-08,6.814032937993361e-16,-0.06262389298857166,695308.3797325725,-0.6616935295573214,0,VALID
momentum_decay_seed_42,2003-01-09,6.387311668463863e-16,-0.03971219080254491,1007383.0149428119,-0.6627834192587765,0,VALID
momentum_decay_seed_42,2003-01-10,6.133657528770504e-16,-0.0465427342019842,574907.084876777,-0.6529677770978344,0,VALID
momentum_decay_seed_42,2003-01-13,5.848180336722939e-16,-0.05153025876206213,1346361.1399931237,-0.6571769130651677,0,VALID
momentum_decay_seed_42,2003-01-14,5.546822090684402e-16,-0.057030690808978025,1147459.7935139197,-0.6607287279486416,0,VALID
momentum_decay_seed_42,2003-01-15,5.230482995058171e-16,-0.06620913518308152,970599.3130016061,-0.6628671100007979,0,VALID
momentum_decay_seed_42,2003-01-16,4.884177239365555e-16,-0.04057234198774725,556501.2694680004,-0.6677917758006642,0,VALID
momentum_decay_seed_42,2003-01-17,4.686014730081244e-16,-0.05455527845003431,781727.7600863028,-0.6616340532019239,0,VALID
momentum_decay_seed_42,2003-01-20,4.4303678916606998e-16,-0.06409969703083876,707080.6377842593,-0.6646526641041208,0,VALID
momentum_decay_seed_42,2003-01-21,4.146382652070093e-16,-0.05729577194135647,957471.4026823366,-0.6670915041568752,0,VALID
momentum_decay_seed_42,2003-01-22,3.9088124572554883e-16,-0.04547461581020408,1099101.1940694363,-0.668372373971818,0,VALID
momentum_decay_seed_42,2003-01-23,3.731060712487655e-16,-0.04761399209071557,1083517.1948338167,-0.6645739923540356,0,VALID
momentum_decay_seed_42,2003-01-24,3.553410017233288e-16,-0.060675937690448864,1483556.211598293,-0.6664405116033502,0,VALID
momentum_decay_seed_42,2003-01-27,3.337803532439024e-16,-0.03867310179480411,986360.1606819155,-0.6696820085904625,0,VALID
momentum_decay_seed_42,2003-01-28,3.208720316657953e-16,-0.06421763649344574,1371815.3728218412,-0.6662352084056483,0,VALID
momentum_decay_seed_42,2003-01-29,3.0026638817536784e-16,-0.0364187890413274,924882.237473423,-0.6672129322188916,0,VALID
momentum_decay_seed_42,2003-01-30,2.8933104992820776e-16,-0.048047369685202276,1135439.472350823,-0.6601846756038258,0,VALID
momentum_decay_seed_42,2003-01-31,2.7542945401089945e-16,-0.053838009257077456,947033.1573586691,-0.660066108931323,0,VALID
momentum_decay_seed_42,2003-02-03,2.6060088051618884e-16,-0.05252374124984484,1074714.2000056198,-0.6556872538547043,0,VALID
momentum_decay_seed_42,2003-02-04,2.469131472984748e-16,-0.04921401293884963,989411.7985935359,-0.6558050943571277,0,VALID
momentum_decay_seed_42,2003-02-05,2.347615604725556e-16,-0.04467870626118562,844071.660551836,-0.6554733993673802,0,VALID
momentum_decay_seed_42,2003-02-06,2.2427271767078474e-16,-0.06776986639326076,2072097.0500008939,-0.6488777606107924,0,VALID
momentum_decay_seed_42,2003-02-07,2.0907378555858215e-16,-0.05760190088618906,1084374.2917888549,-0.659136845221792,0,VALID
momentum_decay_seed_42,2003-02-10,1.9703073808493635e-16,-0.049534425266721395,1155289.1331525573,-0.6630905226234121,0,VALID
momentum_decay_seed_42,2003-02-11,1.8727093371402113e-16,-0.03824493423491221,1209810.4488698835,-0.6623815751571827,0,VALID
momentum_decay_seed_42,2003-02-12,1.8010876917001778e-16,-0.03867947711585822,1049281.117240256,-0.6556555688256956,0,VALID
momentum_decay_seed_42,2003-02-13,1.7314225615454068e-16,-0.03409547702083977,556507.5878287073,-0.6455037406115272,0,VALID
momentum_decay_seed_42,2003-02-14,1.6723888833848717e-16,-0.039221566442548185,1098302.2055653536,-0.6431106217722289,0,VALID
momentum_decay_seed_42,2003-02-17,1.606795171677413e-16,-0.05830769881605336,737146.2725927035,-0.637322405053113,0,VALID
momentum_decay_seed_42,2003-02-18,1.5131066427481577e-16,-0.05017037889337463,1037158.3042092986,-0.6350779053176062,0,VALID
momentum_decay_seed_42,2003-02-19,1.4371935091754006e-16,-0.03915484839070034,1073331.2683646572,-0.6323196559334281,0,VALID
momentum_decay_seed_42,2003-02-20,1.3809204152155392e-16,-0.04026180928282691,643196.451019792,-0.6298853002864107,0,VALID
momentum_decay_seed_42,2003-02-21,1.325322060823369e-16,-0.05203781861124548,1002072.622408079,-0.6270281069744732,0,VALID
momentum_decay_seed_42,2003-02-24,1.2563551918207605e-16,-0.04496951331623135,692270.2889921119,-0.6235982197242426,0,VALID
momentum_decay_seed_42,2003-02-25,1.1998575102922604e-16,-0.043516059887612875,546879.4073449076,-0.626063541885142,0,VALID
momentum_decay_seed_42,2003-02-26,1.1476444390177803e-16,-0.049465420873825265,688647.0117823483,-0.6177912399747156,0,VALID
momentum_decay_seed_42,2003-02-27,1.0908757238282607e-16,-0.038304618527061164,970647.204026097,-0.622966244342271,0,VALID
momentum_decay_seed_42,2003-02-28,1.0490901453665876e-16,-0.05694138561145666,956318.9496291052,-0.6191074955530819,0,VALID
momentum_decay_seed_42,2003-03-03,9.893534988580896e-17,-0.03727117231245337,881041.3895180433,-0.6203568088878235,0,VALID
momentum_decay_seed_42,2003-03-04,9.524791341242211e-17,-0.053856299815231615,1143477.7109031412,-0.6142452742814701,0,VALID
momentum_decay_seed_42,2003-03-05,9.011821323090748e-17,-0.06567177090585447,942601.5642472961,-0.6161287518727214,0,VALID
momentum_decay_seed_42,2003-03-06,8.419999057716238e-17,-0.06759815707695466,1101991.0071460356,-0.6245642740158812,0,VALID
momentum_decay_seed_42,2003-03-07,7.850822638824926e-17,-0.04871378407508734,1206772.1089490824,-0.6244951217652709,0,VALID
momentum_decay_seed_42,2003-03-10,7.468379359985402e-17,-0.06100135553724306,1816184.6415873808,-0.6209535916793897,0,VALID
momentum_decay_seed_42,2003-03-11,7.012798095359924e-17,-0.03201712299076938,974661.0370281595,-0.6255266123642512,0,VALID
momentum_decay_seed_42,2003-03-12,6.788268476231353e-17,-0.056962120515799,1346956.2402431339,-0.6231017230580588,0,VALID
momentum_decay_seed_42,2003-03-13,6.401594309194664e-17,-0.04998000643584913,1057589.0718524747,-0.6302696723854155,0,VALID
momentum_decay_seed_42,2003-03-14,6.081642584421419e-17,-0.0569868043598483,1073032.7304327653,-0.6363499754846293,0,VALID
momentum_decay_seed_42,2003-03-17,5.735069208276473e-17,-0.06598052375276714,977917.3705809487,-0.6430740327474751,0,VALID
momentum_decay_seed_42,2003-03-18,5.3566663381560244e-17,-0.045499793265781685,1034357.9157661324,-0.6459822337157242,0,VALID
momentum_decay_seed_42,2003-03-19,5.112939127176153e-17,-0.06615050890584788,944731.184160506,-0.6442414264652687,0,VALID
momentum_decay_seed_42,2003-03-20,4.774715601908829e-17,-0.04635474962007198,1280349.3440238032,-0.6542367286847901,0,VALID
momentum_decay_seed_42,2003-03-21,4.5533848556752936e-17,-0.05280600446838064,834015.0973699002,-0.6564318221001724,0,VALID
momentum_decay_seed_42,2003-03-24,4.3129387946402474e-17,-0.06025410127777905,687174.2700758469,-0.6567102342777951,0,VALID
momentum_decay_seed_42,2003-03-25,4.0530665437031314e-17,-0.03771579187719849,874194.1078800688,-0.6622043443545318,0,VALID
momentum_decay_seed_42,2003-03-26,3.900201929476388e-17,-0.043597863406712414,852249.5911265599,-0.6601558987368593,0,VALID
momentum_decay_seed_42,2003-03-27,3.73016145849648e-17,-0.04752052439148125,874083.7791973574,-0.6580580741676008,0,VALID
momentum_decay_seed_42,2003-03-28,3.552902229923835e-17,-0.04126943399907257,965268.5989075357,-0.6613348961845094,0,VALID
momentum_decay_seed_42,2003-03-31,3.406275965840835e-17,-0.0657252825000244,874850.0011695587,-0.6557068863887019,0,VALID
momentum_decay_seed_42,2003-04-01,3.182397515712903e-17,-0.05531877493942758,707875.3516067386,-0.6658827052795198,0,VALID
momentum_decay_seed_42,2003-04-02,3.0063511837733876e-17,-0.04589787984320449,731787.584187122,-0.666399157729604,0,VALID
momentum_decay_seed_42,2003-04-03,2.868366038374081e-17,-0.026253934499735686,890081.683535072,-0.6593389121884213,0,VALID
momentum_decay_seed_42,2003-04-04,2.793060144281342e-17,-0.04796366821290199,647634.5881998377,-0.6442334424333149,0,VALID
momentum_decay_seed_42,2003-04-07,2.6590947342223517e-17,-0.05493401340382679,754282.5428684717,-0.6439529105244127,0,VALID
momentum_decay_seed_42,2003-04-08,2.5130199884505358e-17,-0.07325371374874287,1035987.2826578219,-0.6416523113486903,0,VALID
momentum_decay_seed_42,2003-04-09,2.328931941571711e-17,-0.030970925377258325,1060994.3444237092,-0.6569181154625361,0,VALID
momentum_decay_seed_42,2003-04-10,2.25680276420058e-17,-0.04740192143194491,892829.5635642168,-0.6474623890240725,0,VALID
momentum_decay_seed_42,2003-04-11,2.1498259768845482e-17,-0.051639535000269965,1292050.4121373356,-0.6465057018655638,0,VALID
momentum_decay_seed_42,2003-04-14,2.0388099631067288e-17,-0.07275736403721753,864814.6719098439,-0.6445012450478448,0,VALID
momentum_decay_seed_42,2003-04-15,1.8904715244182665e-17,-0.05113168409728897,1173801.5619844992,-0.6470805898526356,0,VALID
momentum_decay_seed_42,2003-04-16,1.7938085316367916e-17,-0.04873403289722307,776335.1460107951,-0.6491629399414537,0,VALID
momentum_decay_seed_42,2003-04-17,1.7063890076446846e-17,-0.055284261311155256,864226.7614759089,-0.642619760020365,0,VALID
momentum_decay_seed_42,2003-04-18,1.6120525518475728e-17,-0.06338382411323845,1163663.0006248434,-0.6459661102798446,0,VALID
momentum_decay_seed_42,2003-04-21,1.509874496439969e-17,-0.06397686163118405,1299304.1104874257,-0.6499197952179817,0,VALID
momentum_decay_seed_42,2003-04-22,1.4132774647007755e-17,-0.03077053805933423,847321.2706225918,-0.6513066219215049,0,VALID
momentum_decay_seed_42,2003-04-23,1.3697901566848009e-17,-0.0490239600750456,1325564.8764138157,-0.6487899392253522,0,VALID
momentum_decay_seed_42,2003-04-24,1.3026376187322947e-17,-0.055292723066998936,790466.0633439813,-0.650782510830684,0,VALID
momentum_decay_seed_42,2003-04-25,1.230611237623075e-17,-0.049624767676604016,1018487.6476678958,-0.6536321131331959,0,VALID
momentum_decay_seed_42,2003-04-28,1.1695424408558117e-17,-0.050308325140841846,977538.3722381525,-0.6566507081092852,0,VALID
momentum_decay_seed_42,2003-04-29,1.1107047194752237e-17,-0.06441978735640014,947817.0529922103,-0.6509849212767469,0,VALID
momentum_decay_seed_42,2003-04-30,1.0391533576308798e-17,-0.040853759460131533,878861.740444877,-0.6543473153636701,0,VALID
momentum_decay_seed_42,2003-05-01,9.967000363160399e-18,-0.05189555511539279,710288.8402735663,-0.6525199284255178,0,VALID
momentum_decay_seed_42,2003-05-02,9.449757346478869e-18,-0.04888649570601889,814697.4332695575,-0.661670108829314,0,VALID
momentum_decay_seed_42,2003-05-05,8.98779182453731e-18,-0.035226063350253314,907412.3556831258,-0.6619980586300632,0,VALID
momentum_decay_seed_42,2003-05-06,8.671187300347269e-18,-0.06311803165777212,1135014.9112900624,-0.6549495292437486,0,VALID
momentum_decay_seed_42,2003-05-07,8.123879025813479e-18,-0.057746518562620634,1182708.3293460456,-0.6511757651307333,0,VALID
momentum_decay_seed_42,2003-05-08,7.654753294848857e-18,-0.04686180979892878,865672.0884778684,-0.660814253851715,0,VALID
momentum_decay_seed_42,2003-05-09,7.296037701887927e-18,-0.04107144183677045,884319.5012124007,-0.6606219396203833,0,VALID
momentum_decay_seed_42,2003-05-12,6.996378913775952e-18,-0.05618946552591363,823964.7613176357,-0.6568400664908022,0,VALID
momentum_decay_seed_42,2003-05-13,6.603256121994109e-18,-0.055656387483550396,848663.3272936962,-0.6507085117811519,0,VALID
momentum_decay_seed_42,2003-05-14,6.235742740615279e-18,-0.04371203706389697,1316264.6162751676,-0.6523741173799988,0,VALID
momentum_decay_seed_42,2003-05-15,5.9631657228165775e-18,-0.027323557961007456,1533397.694320709,-0.6505389043118903,0,VALID
momentum_decay_seed_42,2003-05-16,5.800230818558106e-18,-0.04929580872672711,772843.0756047195,-0.6401959221546181,0,VALID
momentum_decay_seed_42,2003-05-19,5.514303749555597e-18,-0.05777605927748267,745239.1695565219,-0.634783966312604,0,VALID
momentum_decay_seed_42,2003-05-20,5.195709009247228e-18,-0.06057154874138275,854259.192140648,-0.632364547017858,0,VALID
momentum_decay_seed_42,2003-05-21,4.880996867747568e-18,-0.05144284378520255,768763.5621279232,-0.6436682769307764,0,VALID
momentum_decay_seed_42,2003-05-22,4.629904508363967e-18,-0.04157873040862367,737728.3551474996,-0.6445746352028654,0,VALID
momentum_decay_seed_42,2003-05-23,4.4373989569930295e-18,-0.02190431029903608,794979.9503317021,-0.6394150466589381,0,VALID
momentum_decay_seed_42,2003-05-26,4.340200793318436e-18,-0.04927982358082948,893288.1151989073,-0.628897537900164,0,VALID
momentum_decay_seed_42,2003-05-27,4.126316463918327e-18,-0.032939082418723606,723369.3743139753,-0.6284956396090678,0,VALID
momentum_decay_seed_42,2003-05-28,3.990399385827585e-18,-0.047030841292638875,1322964.6566169446,-0.6159951409939028,0,VALID
momentum_decay_seed_42,2003-05-29,3.8027275456184844e-18,-0.0478933312227538,714122.5896483905,-0.6184682043682908,0,VALID
momentum_decay_seed_42,2003-05-30,3.620602255726289e-18,-0.03537644736526639,755513.3994893035,-0.6168576479823173,0,VALID
momentum_decay_seed_42,2003-06-02,3.492518210596023e-18,-0.049045609615122644,1224213.6052571428,-0.6114153199386305,0,VALID
momentum_decay_seed_42,2003-06-03,3.321225525865424e-18,-0.05983415978659031,543843.4138153987,-0.6169814569992723,0,VALID
momentum_decay_seed_42,2003-06-04,3.12250278706349e-18,-0.037871163082768444,1187606.9106555989,-0.6156389358898879,0,VALID
momentum_decay_seed_42,2003-06-05,3.0042499747882096e-18,-0.06592013002241456,1319552.2214489563,-0.6075314436573847,0,VALID
momentum_decay_seed_42,2003-06-06,2.8062094258303352e-18,-0.039844847835170706,1078302.5337894436,-0.6153789850751183,0,VALID
momentum_decay_seed_42,2003-06-09,2.694396438264504e-18,-0.05007904515373237,660615.1111533325,-0.6148870049106109,0,VALID
momentum_decay_seed_42,2003-06-10,2.5594636373706e-18,-0.05300764584846735,1070858.4318447048,-0.6123937054560786,0,VALID
momentum_decay_seed_42,2003-06-11,2.4237924953188292e-18,-0.05325698110073729,629367.1653741535,-0.6113065281651318,0,VALID
momentum_decay_seed_42,2003-06-12,2.2947086242035255e-18,-0.051480724045477544,921431.9444934594,-0.6151861727700454,0,VALID
momentum_decay_seed_42,2003-06-13,2.1765753627561264e-18,-0.05443012153241468,868604.084622947,-0.6247433195603056,0,VALID
momentum_decay_seed_42,2003-06-16,2.058104101236851e-18,-0.045575453950302894,990122.5351967334,-0.6267699070072599,0,VALID
momentum_decay_seed_42,2003-06-17,1.964305072546001e-18,-0.05409648928368002,926717.3291511477,-0.6219370505449849,0,VALID
momentum_decay_seed_42,2003-06-18,1.8580430642391378e-18,-0.06920915925895182,1023357.1124303171,-0.6193312320037263,0,VALID
momentum_decay_seed_42,2003-06-19,1.7294494658962203e-18,-0.05000563097122959,1126661.4400493603,-0.6264610937931974,0,VALID
momentum_decay_seed_42,2003-06-20,1.6429672541212238e-18,-0.04039265692405536,1009972.7816709415,-0.6297454274351368,0,VALID
momentum_decay_seed_42,2003-06-23,1.5766034414880479e-18,-0.06973833869858964,613727.7319344996,-0.6367441239319698,0,VALID
momentum_decay_seed_42,2003-06-24,1.4666537366921922e-18,-0.05007116855128516,1070848.1106971968,-0.644561014765342,0,VALID
momentum_decay_seed_42,2003-06-25,1.3932166702359053e-18,-0.05462127075172446,1043462.2137364562,-0.6508578376429957,0,VALID
momentum_decay_seed_42,2003-06-26,1.317117405275134e-18,-0.0406736115700888,1180677.4909117878,-0.6536387659976531,0,VALID
momentum_decay_seed_42,2003-06-27,1.26354548354077e-18,-0.05260828458404583,1128619.916506549,-0.6510123470363622,0,VALID
momentum_decay_seed_42,2003-06-30,1.1970725231577714e-18,-0.04230763791962872,590419.2820658212,-0.6572465908621612,0,VALID
momentum_decay_seed_42,2003-07-01,1.1464272122844759e-18,-0.0435544158801602,1357211.4176646576,-0.6548180172179825,0,VALID
momentum_decay_seed_42,2003-07-02,1.0964952447043052e-18,-0.043262056063322424,802590.5408588955,-0.6488409076055661,0,VALID
momentum_decay_seed_42,2003-07-03,1.0490586059547411e-18,-0.034411837522009145,1240026.0990176925,-0.6508084830628329,0,VALID
momentum_decay_seed_42,2003-07-04,1.0129585716555611e-18,-0.052264545845441386,803299.6423270444,-0.6390295883366457,0,VALID
momentum_decay_seed_42,2003-07-07,9.600167519477363e-19,-0.04942589928561843,1205407.8962626138,-0.6436987748669621,0,VALID
momentum_decay_seed_42,2003-07-08,9.12567060653461e-19,-0.04585383714973297,756288.8488980349,-0.643453789563909,0,VALID
momentum_decay_seed_42,2003-07-09,8.707223592660467e-19,-0.04912037103668998,1155652.8339036938,-0.640760353475923,0,VALID
momentum_decay_seed_42,2003-07-10,8.279521539089564e-19,-0.052587059016857306,1056430.9850405182,-0.639190725490766,0,VALID
momentum_decay_seed_42,2003-07-11,7.84412585128212e-19,-0.05900692183712677,1447111.8375683792,-0.639611566614934,0,VALID
momentum_decay_seed_42,2003-07-14,7.38126813029493e-19,-0.04989014486472475,863440.5852174676,-0.6413559389022627,0,VALID
momentum_decay_seed_42,2003-07-15,7.01301559398914e-19,-0.06497373170094536,1245750.9327504865,-0.6429772700785557,0,VALID
momentum_decay_seed_42,2003-07-16,6.557353800370744e-19,-0.07037728507734718,720669.8246419328,-0.6470827869075275,0,VALID
momentum_decay_seed_42,2003-07-17,6.095865042609025e-19,-0.061183058172065444,1008207.303071279,-0.6475256916830421,0,VALID
momentum_decay_seed_42,2003-07-18,5.7229013770980165e-19,-0.043386218101082924,908339.0858705322,-0.6516728277607071,0,VALID
momentum_decay_seed_42,2003-07-21,5.474606329780254e-19,-0.047687179772566354,851815.1973526205,-0.6527594583573185,0,VALID
momentum_decay_seed_42,2003-07-22,5.213537793547994e-19,-0.04327885684903564,927897.0619810304,-0.6445283802769759,0,VALID
momentum_decay_seed_42,2003-07-23,4.987901837703993e-19,-0.0569193369617461,1126124.4153695821,-0.6419866382405961,0,VALID
momentum_decay_seed_42,2003-07-24,4.703993772271606e-19,-0.03956256602279506,958713.5566402446,-0.6428569121149087,0,VALID
momentum_decay_seed_42,2003-07-25,4.517891708085294e-19,-0.06396962057751132,1103342.5096212286,-0.6424432862183138,0,VALID
momentum_decay_seed_42,2003-07-28,4.2288838897087933e-19,-0.06084610622436239,1178101.8190147926,-0.6467311873007182,0,VALID
momentum_decay_seed_42,2003-07-29,3.9715727713450775e-19,-0.039759011601589754,1423513.7222563804,-0.6535695656219676,0,VALID
momentum_decay_seed_42,2003-07-30,3.8136669634526105e-19,-0.04842767156563807,1075162.022663673,-0.6521948470026377,0,VALID
momentum_decay_seed_42,2003-07-31,3.6289799522858033e-19,-0.043214760485999724,949083.9108402117,-0.6540727151289043,0,VALID
momentum_decay_seed_42,2003-08-01,3.4721544528392777e-19,-0.04764430129360107,911471.8738207927,-0.6572264108329275,0,VALID
momentum_decay_seed_42,2003-08-04,3.3067260799502845e-19,-0.0556180654352559,1243566.6625495665,-0.655555377211761,0,VALID
momentum_decay_seed_42,2003-08-05,3.1228123724591425e-19,-0.06194365480724459,857230.7143563075,-0.6577991353070543,0,VALID
momentum_decay_seed_42,2003-08-06,2.9293739608317407e-19,-0.06828395311441503,766348.5500715224,-0.6635696867482556,0,VALID
momentum_decay_seed_42,2003-08-07,2.7293447266357177e-19,-0.031910854579172296,1200162.779591412,-0.6703499454950579,0,VALID
momentum_decay_seed_42,2003-08-08,2.6422490039676146e-19,-0.06626084488626517,1428081.9294950664,-0.6631557098824798,0,VALID
momentum_decay_seed_42,2003-08-11,2.467171352564828e-19,-0.03577893650076444,1198671.2694929165,-0.6657523735740178,0,VALID
momentum_decay_seed_42,2003-08-12,2.3788985854049058e-19,-0.04898552569349951,892077.296234834,-0.6607880656298752,0,VALID
momentum_decay_seed_42,2003-08-13,2.2623669876273244e-19,-0.047332638320233586,605334.9954525215,-0.654987811165624,0,VALID
momentum_decay_seed_42,2003-08-14,2.1552831892543238e-19,-0.048003649820884856,766523.4922908307,-0.6464352189247509,0,VALID
momentum_decay_seed_42,2003-08-15,2.0518217297725192e-19,-0.044571417755224045,676853.2934268548,-0.641471765006553,0,VALID
momentum_decay_seed_42,2003-08-18,1.960369126295582e-19,-0.05783179861715168,1291918.301020377,-0.6419159646910595,0,VALID
momentum_decay_seed_42,2003-08-19,1.8469974537683742e-19,-0.07156023042549982,752593.0425990254,-0.6457304949329947,0,VALID
momentum_decay_seed_42,2003-08-20,1.714825890381398e-19,-0.055815939342816055,935566.1887317653,-0.6562029594450162,0,VALID
momentum_decay_seed_42,2003-08-21,1.6191112725003795e-19,-0.04546981243687829,678578.674342729,-0.6558007193707456,0,VALID
momentum_decay_seed_42,2003-08-22,1.545490586625352e-19,-0.06075735958645233,893603.9638048052,-0.6579177442744994,0,VALID
momentum_decay_seed_42,2003-08-25,1.451590659316278e-19,-0.03928695461070385,870538.667044428,-0.6567437893367565,0,VALID
momentum_decay_seed_42,2003-08-26,1.3945620829703979e-19,-0.051300260614984904,1162687.6164347136,-0.6488640235847692,0,VALID
momentum_decay_seed_42,2003-08-27,1.3230206846702402e-19,-0.061609119563867394,1167396.7322519494,-0.6530843680507237,0,VALID
momentum_decay_seed_42,2003-08-28,1.2415105451229217e-19,-0.0485267766951353,1008125.35817117,-0.657889941127692,0,VALID
momentum_decay_seed_42,2003-08-29,1.181264040135086e-19,-0.045645416640425825,889176.8542184295,-0.659789316351082,0,VALID
momentum_decay_seed_42,2003-09-01,1.127344750860767e-19,-0.04490179292223882,822745.4975109491,-0.6590752534066213,0,VALID
momentum_decay_seed_42,2003-09-02,1.076724950305644e-19,-0.07917159880697067,1147935.019282429,-0.6552066464826549,0,VALID
momentum_decay_seed_42,2003-09-03,9.914789145145902e-20,-0.08047632565352754,1346591.2858409071,-0.6615389746165838,0,VALID
momentum_decay_seed_42,2003-09-04,9.11688334511508e-20,-0.03974651965742245,857261.5140164514,-0.6659680524726952,0,VALID
momentum_decay_seed_42,2003-09-05,8.754518962024036e-20,-0.06466185982469543,923742.7258730001,-0.6686716903335679,0,VALID
momentum_decay_seed_42,2003-09-08,8.188435484068999e-20,-0.03973094253679381,760762.3430983883,-0.6681043059471145,0,VALID
momentum_decay_seed_42,2003-09-09,7.863101224385211e-20,-0.03871008899037983,618550.690943088,-0.6694646307065312,0,VALID
momentum_decay_seed_42,2003-09-10,7.558719876248894e-20,-0.06192395330442434,986318.9235913687,-0.665893291513409,0,VALID
momentum_decay_seed_42,2003-09-11,7.090654059590833e-20,-0.060172243411016416,864348.903605279,-0.6710105616309275,0,VALID
momentum_decay_seed_42,2003-09-12,6.663993497573822e-20,-0.04267572190237162,1241792.9965980384,-0.6752157655376501,0,VALID
momentum_decay_seed_42,2003-09-15,6.379602764312148e-20,-0.05403592118519335,650645.5315400654,-0.6745713509390252,0,VALID
momentum_decay_seed_42,2003-09-16,6.034875052146936e-20,-0.037064900315406296,805899.3537213273,-0.6732602397564675,0,VALID
momentum_decay_seed_42,2003-09-17,5.811193009923177e-20,-0.03395770895314987,713534.2934418602,-0.6611205229336317,0,VALID
momentum_decay_seed_42,2003-09-18,5.613858209021627e-20,-0.06161934406380088,991710.861069437,-0.653275330462483,0,VALID
momentum_decay_seed_42,2003-09-19,5.2679359485145305e-20,-0.05801618840768451,844239.931293204,-0.6591415053509122,0,VALID
momentum_decay_seed_42,2003-09-22,4.9623103840058974e-20,-0.049051731402696246,727126.6551182269,-0.6581467129071206,0,VALID
momentum_decay_seed_42,2003-09-23,4.7189004679128294e-20,-0.0718036620873819,735666.1323672786,-0.6616213415281135,0,VALID
momentum_decay_seed_42,2003-09-24,4.3800661332908287e-20,-0.06802856196417884,909446.4896063902,-0.6689344177273728,0,VALID
momentum_decay_seed_42,2003-09-25,4.0820965329350525e-20,-0.05909102888603356,828581.3834911077,-0.6711992057601988,0,VALID
momentum_decay_seed_42,2003-09-26,3.84088124879181e-20,-0.029990368984098466,804283.0512174905,-0.6748498965267259,0,VALID
momentum_decay_seed_42,2003-09-29,3.725691802916439e-20,-0.04754628991004668,1014202.806714767,-0.6695161972349857,0,VALID
momentum_decay_seed_42,2003-09-30,3.5485489803394894e-20,-0.056539631336369224,641401.5506745726,-0.6704312480794485,0,VALID
momentum_decay_seed_42,2003-10-01,3.347915329212046e-20,-0.06024528912913007,1055300.602355355,-0.6623311620448202,0,VALID
momentum_decay_seed_42,2003-10-02,3.14621920222382e-20,-0.062026965859010304,1254849.582575988,-0.654901891016342,0,VALID
momentum_decay_seed_42,2003-10-03,2.9510687711825203e-20,-0.05586051639975559,930911.0637130107,-0.6629090891248426,0,VALID
momentum_decay_seed_42,2003-10-06,2.7862205456930727e-20,-0.056404900718554266,1041935.6288063016,-0.659737131578578,0,VALID
momentum_decay_seed_42,2003-10-07,2.6290640524332588e-20,-0.05236130091777986,934518.9194419181,-0.6656454015522588,0,VALID
momentum_decay_seed_42,2003-10-08,2.491402838451683e-20,-0.045149061315028875,832271.1920006763,-0.6703935482144006,0,VALID
momentum_decay_seed_42,2003-10-09,2.3789183389379912e-20,-0.050886139452531676,1061408.8120953578,-0.6644994497058756,0,VALID
momentum_decay_seed_42,2003-10-10,2.2578643685966076e-20,-0.042034559694800036,897973.6237157473,-0.6611844880372957,0,VALID
momentum_decay_seed_42,2003-10-13,2.1629560340120714e-20,-0.05306697287825937,942745.8348361161,-0.6609575683752964,0,VALID
momentum_decay_seed_42,2003-10-14,2.0481745048182854e-20,-0.033034133170291496,1026518.015228135,-0.6606102881799288,0,VALID
momentum_decay_seed_42,2003-10-15,1.9805148354701224e-20,-0.042301431069446456,715274.3868978256,-0.6591896307542702,0,VALID
momentum_decay_seed_42,2003-10-16,1.896736223675467e-20,-0.047827268417713766,622947.6514379111,-0.6621332151518614,0,VALID
momentum_decay_seed_42,2003-10-17,1.8060205111881396e-20,-0.04511331475532693,1482560.5687932018,-0.6571673367256095,0,VALID
momentum_decay_seed_42,2003-10-20,1.7245449394123326e-20,-0.05560449468803076,1043579.1233607837,-0.6524713679799754,0,VALID
momentum_decay_seed_42,2003-10-21,1.628652489489509e-20,-0.05252062815403356,1007792.000979812,-0.6548661069323503,0,VALID
momentum_decay_seed_42,2003-10-22,1.5431146376968896e-20,-0.0528987561547487,821606.136047988,-0.6476960413980056,0,VALID
momentum_decay_seed_42,2003-10-23,1.4614857927585386e-20,-0.057672170685306404,1050845.722697512,-0.6419766703293218,0,VALID
momentum_decay_seed_42,2003-10-24,1.377198734664418e-20,-0.06360243437592175,817445.9822345771,-0.6414367835252313,0,VALID
momentum_decay_seed_42,2003-10-27,1.2896055425203219e-20,-0.0445467673803294,1102611.2789376494,-0.653861454264459,0,VALID
momentum_decay_seed_42,2003-10-28,1.2321577844052857e-20,-0.04034829507271334,1059625.0414447917,-0.6527713746570845,0,VALID
momentum_decay_seed_42,2003-10-29,1.1824423185439606e-20,-0.046079890626342435,1022209.9582372279,-0.6468123586559591,0,VALID
momentum_decay_seed_42,2003-10-30,1.1279555058334961e-20,-0.05091540019418208,1078918.7221352938,-0.641488582538613,0,VALID
momentum_decay_seed_42,2003-10-31,1.0705251998527526e-20,-0.02785847384208089,875722.9921744814,-0.6372415274403167,0,VALID
momentum_decay_seed_42,2003-11-03,1.0407020015753662e-20,-0.056658777111204366,893161.6057771345,-0.6264825470531833,0,TRANSITION
momentum_decay_seed_42,2003-11-04,9.817370988289233e-21,-0.04731423176678239,1114607.645858128,-0.626583042767519,0,TRANSITION
momentum_decay_seed_42,2003-11-05,9.352869622008831e-21,-0.0384387692938275,703844.4584739221,-0.6245942455527866,0,TRANSITION
momentum_decay_seed_42,2003-11-06,8.993356824373186e-21,-0.06060763871135453,976726.4617897555,-0.6219560513208685,0,TRANSITION
momentum_decay_seed_42,2003-11-07,8.448290703159282e-21,-0.04307434796296823,1346079.143581238,-0.625828246343673,0,TRANSITION
momentum_decay_seed_42,2003-11-10,8.084386089719089e-21,-0.03139205119608497,728960.6707720936,-0.6262343772784256,0,TRANSITION
momentum_decay_seed_42,2003-11-11,7.83060062770171e-21,-0.049098616674645115,1179038.5781434597,-0.6176790303130717,0,TRANSITION
momentum_decay_seed_42,2003-11-12,7.446128969149949e-21,-0.04723645359983069,1488181.1973434053,-0.6240306391149839,0,TRANSITION
momentum_decay_seed_42,2003-11-13,7.094400243600342e-21,-0.05526520851807942,993003.8192451731,-0.6259680099401002,0,TRANSITION
momentum_decay_seed_42,2003-11-14,6.702326734827056e-21,-0.04372895360435218,1156574.4892532106,-0.6288897776461161,0,TRANSITION
momentum_decay_seed_42,2003-11-17,6.409240999998595e-21,-0.056227622736000446,1003676.7777970544,-0.6283517550906704,0,TRANSITION
momentum_decay_seed_42,2003-11-18,6.0488646150265675e-21,-0.04885852297467824,1033015.7775468366,-0.6285969748572608,0,TRANSITION
momentum_decay_seed_42,2003-11-19,5.7533260242625736e-21,-0.06271143455003116,716506.0559053445,-0.6271614639823871,0,TRANSITION
momentum_decay_seed_42,2003-11-20,5.39252669584704e-21,-0.07384497010703864,1151756.7030531105,-0.6310243505228535,0,TRANSITION
momentum_decay_seed_42,2003-11-21,4.994315723190808e-21,-0.05243969345379243,1052694.041171852,-0.6373569334996686,0,TRANSITION
momentum_decay_seed_42,2003-11-24,4.732415337655226e-21,-0.052426320887525385,1386886.9785122627,-0.6330338865939968,0,TRANSITION
momentum_decay_seed_42,2003-11-25,4.484312212590266e-21,-0.05129355312809698,1179241.049975451,-0.6360602295139768,0,TRANSITION
momentum_decay_seed_42,2003-11-26,4.254295905870793e-21,-0.039788825326251,1028845.2310240405,-0.640211125807011,0,TRANSITION
momentum_decay_seed_42,2003-11-27,4.085022469185915e-21,-0.03702441771019991,890796.8060581634,-0.6378383324466942,0,TRANSITION
momentum_decay_seed_42,2003-11-28,3.933776890931224e-21,-0.0438768140493326,780028.7747478122,-0.6325376654867814,0,TRANSITION
momentum_decay_seed_42,2003-12-01,3.7611752937762726e-21,-0.040055143476745485,1259430.8728370417,-0.6385924800679944,0,TRANSITION
momentum_decay_seed_42,2003-12-02,3.6105208777428735e-21,-0.054122687487487886,1614638.7043716065,-0.6322313904557824,0,TRANSITION
momentum_decay_seed_42,2003-12-03,3.415109784609746e-21,-0.056264421319064915,708370.9988650569,-0.6348596823617176,0,TRANSITION
momentum_decay_seed_42,2003-12-04,3.2229606088376017e-21,-0.04117461681115237,1179523.6159159197,-0.6416287408831647,0,TRANSITION
momentum_decay_seed_42,2003-12-05,3.090256440771275e-21,-0.057216192564649895,1025893.730539409,-0.6342151863198011,0,TRANSITION
momentum_decay_seed_42,2003-12-08,2.913443733181956e-21,-0.05806644576981645,1211327.4487222675,-0.6396209061703546,0,TRANSITION
momentum_decay_seed_42,2003-12-09,2.7442704106457343e-21,-0.017077789681644834,1336076.5823558206,-0.6495453489305096,0,TRANSITION
momentum_decay_seed_42,2003-12-10,2.6974043377431654e-21,-0.0396538684761985,1095940.3771581133,-0.6377440749523975,0,TRANSITION
momentum_decay_seed_42,2003-12-11,2.5904418209071707e-21,-0.06341985896337653,884073.6173877831,-0.634861054922305,0,TRANSITION
momentum_decay_seed_42,2003-12-12,2.4261563659724056e-21,-0.05607945408322829,860123.030919757,-0.6380128182403496,0,TRANSITION
momentum_decay_seed_42,2003-12-15,2.290098841448124e-21,-0.02775967817201675,696455.6633763732,-0.6426879810809695,0,TRANSITION
momentum_decay_seed_42,2003-12-16,2.2265264346274155e-21,-0.04101917770556585,1070596.135707642,-0.6319100233957482,0,TRANSITION
momentum_decay_seed_42,2003-12-17,2.1351961511392936e-21,-0.04637754025587249,925653.2344562092,-0.6288762114062587,0,TRANSITION
momentum_decay_seed_42,2003-12-18,2.036171005685647e-21,-0.04480497653812272,1272696.236051275,-0.6224087296120818,0,TRANSITION
momentum_decay_seed_42,2003-12-19,1.9449404115482957e-21,-0.046274424249353165,1141877.0968909883,-0.610569191187277,0,TRANSITION
momentum_decay_seed_42,2003-12-22,1.8549394138045984e-21,-0.05821629884665407,918018.0532705011,-0.6080353727524543,0,TRANSITION
momentum_decay_seed_42,2003-12-23,1.746951706548113e-21,-0.04659555212103191,609914.0303546137,-0.6104304018700286,0,TRANSITION
momentum_decay_seed_42,2003-12-24,1.6655515272527246e-21,-0.056674009397188245,1014224.3904031997,-0.6085012504761795,0,TRANSITION
momentum_decay_seed_42,2003-12-25,1.5711580443457024e-21,-0.04310795931992776,991418.3184028622,-0.6153857032128367,0,TRANSITION
momentum_decay_seed_42,2003-12-26,1.5034286272848707e-21,-0.05262950746436023,583330.1245525662,-0.6178154814141044,0,TRANSITION
momentum_decay_seed_42,2003-12-29,1.4243039191230487e-21,-0.03944044949534022,1107179.702500289,-0.6213141351109356,0,TRANSITION
momentum_decay_seed_42,2003-12-30,1.368128732334861e-21,-0.04155933220403275,749447.7109625518,-0.621071646263364,0,TRANSITION
momentum_decay_seed_42,2003-12-31,1.3112702158498743e-21,-0.035205859038853565,1291238.4625886995,-0.6160386346116493,0,TRANSITION
momentum_decay_seed_42,2004-01-01,1.2651058214688166e-21,-0.047489127681737915,976460.0443044499,-0.607470901754182,0,TRANSITION
momentum_decay_seed_42,2004-01-02,1.205027049582174e-21,-0.03796394263913085,854416.8230389605,-0.6100559702153974,0,TRANSITION
momentum_decay_seed_42,2004-01-05,1.1592794717932352e-21,-0.036180876326937866,1049985.12067753,-0.6020930630683186,0,TRANSITION
momentum_decay_seed_42,2004-01-06,1.1173357245959262e-21,-0.03412005280421789,1033517.9346264227,-0.5928478038237441,0,TRANSITION
momentum_decay_seed_42,2004-01-07,1.0792121706726742e-21,-0.03429358106610789,1023929.9675759429,-0.5999071568278052,0,TRANSITION
momentum_decay_seed_42,2004-01-08,1.0422021206101806e-21,-0.050018510449405335,1243221.1245846588,-0.5976739905144048,0,TRANSITION
momentum_decay_seed_42,2004-01-09,9.90072722950048e-22,-0.026371091506744097,636331.2539309993,-0.5919171835599204,0,TRANSITION
momentum_decay_seed_42,2004-01-12,9.639634245748009e-22,-0.05878365494158329,1066267.980170009,-0.5790734412296166,0,TRANSITION
momentum_decay_seed_42,2004-01-13,9.072981312482888e-22,-0.03375282898265623,836561.8064588448,-0.5925051159789554,0,TRANSITION
momentum_decay_seed_42,2004-01-14,8.766742525879817e-22,-0.04642496201927823,932469.1531126936,-0.5894174630652984,0,TRANSITION
momentum_decay_seed_42,2004-01-15,8.359746837083055e-22,-0.051609995209657505,1419380.4379207043,-0.5894378805247722,0,TRANSITION
momentum_decay_seed_42,2004-01-16,7.928300342867249e-22,-0.038856034915069164,819108.8160386585,-0.5923628150357665,0,TRANSITION
momentum_decay_seed_42,2004-01-19,7.620238027927644e-22,-0.03583924524187697,1102536.8292688853,-0.5891920797403267,0,TRANSITION
momentum_decay_seed_42,2004-01-20,7.347134448443268e-22,-0.03864966529820156,1255846.0779611608,-0.5794311645305393,0,TRANSITION
momentum_decay_seed_42,2004-01-21,7.06317016111005e-22,-0.0430603200179,1130145.0470800416,-0.5759260493873444,0,TRANSITION
momentum_decay_seed_42,2004-01-22,6.759027793631768e-22,-0.039225661543945266,1015798.066349513,-0.5698059900494277,0,TRANSITION
momentum_decay_seed_42,2004-01-23,6.49390045703265e-22,-0.03240838118838644,1055246.653041749,-0.568060608985452,0,TRANSITION
momentum_decay_seed_42,2004-01-26,6.283443655621699e-22,-0.039524385154944656,1148878.696844515,-0.5588410892325251,0,TRANSITION
momentum_decay_seed_42,2004-01-27,6.035094408477514e-22,-0.039122618523051836,816864.9511664873,-0.5588796386011157,0,TRANSITION
momentum_decay_seed_42,2004-01-28,5.798985712184045e-22,-0.037700291225279396,993020.0277340027,-0.5577581461022094,0,TRANSITION
momentum_decay_seed_42,2004-01-29,5.580362262023473e-22,-0.04470261072855618,1736082.8274853476,-0.5589015426753356,0,TRANSITION
momentum_decay_seed_42,2004-01-30,5.330905500099912e-22,-0.028613038190433274,1111346.401713137,-0.5576111339618204,0,TRANSITION
momentum_decay_seed_42,2004-02-02,5.178372097435963e-22,-0.015751983590887045,1024803.0815008177,-0.5533111537439905,0,TRANSITION
momentum_decay_seed_42,2004-02-03,5.096802465129645e-22,-0.035722318479140674,909818.7974931645,-0.5438432377186495,0,TRANSITION
momentum_decay_seed_42,2004-02-04,4.914732864245015e-22,-0.042311233973506515,818975.2329183619,-0.544599940789988,0,TRANSITION
momentum_decay_seed_42,2004-02-05,4.706784452108662e-22,-0.03016572191872873,1064210.7851033844,-0.5483808410068318,0,TRANSITION
momentum_decay_seed_42,2004-02-06,4.564800901194957e-22,-0.025870389968191104,1083041.956760171,-0.5389428679952367,0,TRANSITION
momentum_decay_seed_42,2004-02-09,4.446707721753893e-22,-0.04161599967966095,976538.2805436436,-0.538705763269461,0,TRANSITION
momentum_decay_seed_42,2004-02-10,4.261653534629836e-22,-0.034184713806583035,1965990.6715386484,-0.5302918205324063,0,TRANSITION
momentum_decay_seed_42,2004-02-11,4.115970128205702e-22,-0.04490250384321647,835378.4807277296,-0.5305017666419227,0,TRANSITION
momentum_decay_seed_42,2004-02-12,3.9311527637053812e-22,-0.028426948581900348,790041.3614444328,-0.5297521754765162,0,TRANSITION
momentum_decay_seed_42,2004-02-13,3.819402086223933e-22,-0.03635179330363582,912931.5961872055,-0.5182571394813411,0,TRANSITION
momentum_decay_seed_42,2004-02-16,3.680559971042045e-22,-0.03014326990052376,984248.2092067095,-0.5170019679761908,0,TRANSITION
momentum_decay_seed_42,2004-02-17,3.569615858449861e-22,-0.0480466927610957,809218.7335751783,-0.5141485590744563,0,TRANSITION
momentum_decay_seed_42,2004-02-18,3.398107622023785e-22,-0.03111415297239902,1057676.294504671,-0.518897669953666,0,TRANSITION
momentum_decay_seed_42,2004-02-19,3.292378381655462e-22,-0.045051059030103716,1086686.4132788552,-0.5128917231620973,0,TRANSITION
momentum_decay_seed_42,2004-02-20,3.144053248834064e-22,-0.04422790692981921,1184559.7783742014,-0.5158451735383205,0,TRANSITION
momentum_decay_seed_42,2004-02-23,3.0049983543622353e-22,-0.04606160882581534,877757.726636409,-0.5217593219486085,0,TRANSITION
momentum_decay_seed_42,2004-02-24,2.8665832956413834e-22,-0.030120634088054266,1384431.501527545,-0.5250143408502963,0,TRANSITION
momentum_decay_seed_42,2004-02-25,2.7802399891104408e-22,-0.0238155112066357,1163285.5170972124,-0.5205644353858337,0,TRANSITION
momentum_decay_seed_42,2004-02-26,2.7140271524926444e-22,-0.053212662376894204,2020130.9015472706,-0.5136467804316844,0,TRANSITION
momentum_decay_seed_42,2004-02-27,2.5696065419453295e-22,-0.04211492809927032,831441.6599572274,-0.5179793485558561,0,TRANSITION
momentum_decay_seed_42,2004-03-01,2.4613877471878876e-22,-0.04656178565329465,808394.6547612682,-0.5246792426510587,0,TRANSITION
momentum_decay_seed_42,2004-03-02,2.3467811384936796e-22,-0.047784766249884016,927823.956708963,-0.5395581534600467,0,TRANSITION
momentum_decay_seed_42,2004-03-03,2.2346407503511225e-22,-0.034934521802436266,1087368.5377917509,-0.5453179629338001,0,TRANSITION
momentum_decay_seed_42,2004-03-04,2.1565746443373685e-22,-0.030206996420072327,1127786.8429363514,-0.5418157202054976,0,TRANSITION
momentum_decay_seed_42,2004-03-05,2.091431001776251e-22,-0.03885114622442611,1162707.9373896087,-0.541835219751038,0,TRANSITION
momentum_decay_seed_42,2004-03-08,2.010176510107944e-22,-0.03260552161109875,1699418.0189545779,-0.5479404908323771,0,TRANSITION
momentum_decay_seed_42,2004-03-09,1.9446336564654964e-22,-0.04480636615331435,627745.0362674445,-0.5436903444487996,0,TRANSITION
momentum_decay_seed_42,2004-03-10,1.8575016888198448e-22,-0.03444203832387154,647183.2804388064,-0.5487086565349792,0,TRANSITION
momentum_decay_seed_42,2004-03-11,1.7935255444668556e-22,-0.03913241751411164,970007.664457514,-0.5437660014065862,0,TRANSITION
momentum_decay_seed_42,2004-03-12,1.723340554038554e-22,-0.02879110771408039,1653230.9555417686,-0.5487931055349186,0,TRANSITION
momentum_decay_seed_42,2004-03-15,1.6737236705191873e-22,-0.04342444725400297,1199044.021273231,-0.5452529822397323,0,TRANSITION
momentum_decay_seed_42,2004-03-16,1.6010431452709505e-22,-0.03357843330334483,778967.2906937887,-0.5514802688135136,0,TRANSITION
momentum_decay_seed_42,2004-03-17,1.5472826248016924e-22,-0.0523423798851914,1044200.775756038,-0.5446634430371016,0,TRANSITION
momentum_decay_seed_42,2004-03-18,1.466294169864566e-22,-0.03347131930504422,955924.1063813734,-0.5546398378647811,0,TRANSITION
momentum_decay_seed_42,2004-03-19,1.4172153695099043e-22,-0.041578720176978466,947633.6548530029,-0.5492393870760737,0,TRANSITION
momentum_decay_seed_42,2004-03-22,1.3582893682305389e-22,-0.03504618390897211,873817.4473252551,-0.5479899793426626,0,TRANSITION
momentum_decay_seed_42,2004-03-23,1.31068650922993e-22,-0.02706245206747091,1022959.6116657747,-0.5427704782823446,0,TRANSITION
momentum_decay_seed_42,2004-03-24,1.2752161183984142e-22,-0.03588662104798153,1310244.8802573646,-0.5413287617640413,0,TRANSITION
momentum_decay_seed_42,2004-03-25,1.2294529208031723e-22,-0.028399362997098415,892223.1147560168,-0.5470005082027254,0,TRANSITION
momentum_decay_seed_42,2004-03-26,1.19453724101744e-22,-0.03695069998476277,1164988.5155856889,-0.5351283468818104,0,TRANSITION
momentum_decay_seed_42,2004-03-29,1.1503982538039783e-22,-0.022645618160346624,1218472.9193314663,-0.5326220929155524,0,TRANSITION
momentum_decay_seed_42,2004-03-30,1.1243467742160038e-22,-0.014491038424440574,1381157.0866182572,-0.5208983250403638,0,TRANSITION
momentum_decay_seed_42,2004-03-31,1.1080538219084438e-22,-0.03196804131804613,805248.756780291,-0.5041467753891364,0,TRANSITION
momentum_decay_seed_42,2004-04-01,1.0726315115470558e-22,-0.03292053501642876,1002823.4024689203,-0.5026225897798062,0,TRANSITION
momentum_decay_seed_42,2004-04-02,1.037319908311446e-22,-0.04662819528314684,850172.7372054248,-0.5040142814032829,0,TRANSITION
momentum_decay_seed_42,2004-04-05,9.889515530556039e-23,-0.03928890776604769,1023440.3679068993,-0.508027505006265,0,TRANSITION
momentum_decay_seed_42,2004-04-06,9.500967267025128e-23,-0.039378562507289536,1021731.1251052585,-0.511426368897997,0,TRANSITION
momentum_decay_seed_42,2004-04-07,9.126832833620867e-23,-0.028927919406264473,759637.0037388717,-0.5086500922957675,0,TRANSITION
momentum_decay_seed_42,2004-04-08,8.862812548975434e-23,-0.02531085921655656,1038451.2096824045,-0.5058440858945225,0,TRANSITION
momentum_decay_seed_42,2004-04-09,8.638487148285586e-23,-0.028163559537389863,1727138.411539891,-0.498735921461271,0,TRANSITION
momentum_decay_seed_42,2004-04-12,8.395196601171867e-23,-0.041544844057904026,1128930.1809586603,-0.4984120288764461,0,TRANSITION
momentum_decay_seed_42,2004-04-13,8.046419467540737e-23,-0.014773712221229876,724896.1613320875,-0.49742644404632763,0,TRANSITION
momentum_decay_seed_42,2004-04-14,7.927543981915987e-23,-0.04087422332338208,793842.7025478004,-0.48764732086796214,0,TRANSITION
momentum_decay_seed_42,2004-04-15,7.60351177879322e-23,-0.03116948266220198,990272.88709674,-0.481447042819824,0,TRANSITION
momentum_decay_seed_42,2004-04-16,7.366514250232276e-23,-0.03315006663529154,798016.0039878391,-0.4802120828833705,0,TRANSITION
momentum_decay_seed_42,2004-04-19,7.122313811967251e-23,-0.037993046456210953,1359808.5658182525,-0.4756409069706862,0,TRANSITION
momentum_decay_seed_42,2004-04-20,6.851715412433466e-23,-0.0203399500786275,705803.703094878,-0.47724224181882613,0,TRANSITION
momentum_decay_seed_42,2004-04-21,6.712351862991607e-23,-0.03580384841384448,1130968.3673343149,-0.47363025246090285,0,TRANSITION
momentum_decay_seed_42,2004-04-22,6.472023834388669e-23,-0.03687767169147593,673315.1692153387,-0.4735850617069054,0,TRANSITION
momentum_decay_seed_42,2004-04-23,6.233350664244676e-23,-0.017607493147984557,986416.98390219,-0.47817862430681046,0,TRANSITION
momentum_decay_seed_42,2004-04-26,6.123596985135003e-23,-0.02994218878166992,771710.7358116364,-0.46769764602072916,0,TRANSITION
momentum_decay_seed_42,2004-04-27,5.940243088183226e-23,-0.05274243928750684,1183866.9596332132,-0.4716716208551138,0,TRANSITION
momentum_decay_seed_42,2004-04-28,5.62694017775169e-23,-0.040587047528084445,1294916.9243138367,-0.4921780813805422,0,TRANSITION
momentum_decay_seed_42,2004-04-29,5.398559289319594e-23,-0.026128486229645073,1086540.5844120646,-0.49669954395305294,0,TRANSITION
momentum_decay_seed_42,2004-04-30,5.2575031072686845e-23,-0.02291884983654955,1311467.3146025455,-0.4931647348958267,0,TRANSITION
momentum_decay_seed_42,2004-05-03,5.1370071830380006e-23,-0.03610866203677731,551936.3082692178,-0.48056027950348223,0,TRANSITION
momentum_decay_seed_42,2004-05-04,4.951516726785184e-23,-0.030043444346147707,1035155.1121896484,-0.47884077614177845,0,TRANSITION
momentum_decay_seed_42,2004-05-05,4.802756109574994e-23,-0.020032755847985226,1126823.579008954,-0.47377625983431015,0,TRANSITION
momentum_decay_seed_42,2004-05-06,4.7065436690344586e-23,-0.02990194674995937,1164291.7172535015,-0.4689559727201329,0,TRANSITION
momentum_decay_seed_42,2004-05-07,4.565808850866632e-23,-0.03214678573269533,630284.3244340933,-0.4714573544543882,0,TRANSITION
momentum_decay_seed_42,2004-05-10,4.419032772041378e-23,-0.03832922168938438,1109702.5839509526,-0.4736236705374435,0,TRANSITION
momentum_decay_seed_42,2004-05-11,4.2496546852691495e-23,-0.018173592110939003,1170953.861067237,-0.47185767503020937,0,TRANSITION
momentum_decay_seed_42,2004-05-12,4.172423194406727e-23,-0.05772809966646845,1032225.0800205538,-0.4736802212734864,0,TRANSITION
momentum_decay_seed_42,2004-05-13,3.931557132389331e-23,-0.008061185337516107,726496.1534061636,-0.4829287772848927,0,TRANSITION
momentum_decay_seed_42,2004-05-14,3.8998641216801077e-23,-0.046597285074099326,872289.0346349851,-0.47059572693324525,0,TRANSITION
momentum_decay_seed_42,2004-05-17,3.718141041451928e-23,-0.02645507284710508,1361806.1185959044,-0.47795882916524535,0,TRANSITION
momentum_decay_seed_42,2004-05-18,3.619777349344506e-23,-0.023651817930080594,1318157.755798118,-0.4716976506677618,0,TRANSITION
momentum_decay_seed_42,2004-05-19,3.53416303453038e-23,-0.022624088124861524,1121469.393645157,-0.473483645275525,0,TRANSITION
momentum_decay_seed_42,2004-05-20,3.4542058185895363e-23,-0.00331265203617815,1190498.4416787457,-0.4662866041630065,0,TRANSITION
momentum_decay_seed_42,2004-05-21,3.442763236651207e-23,-0.04172312561992692,1274751.9159974332,-0.4476865778786757,0,TRANSITION
momentum_decay_seed_42,2004-05-24,3.2991203936487427e-23,-0.014337700680171837,1118138.6451651687,-0.46124468973752863,0,TRANSITION
momentum_decay_seed_42,2004-05-25,3.2518185929367565e-23,-0.02985133411152745,1350770.5422163166,-0.45257819509011066,0,TRANSITION
momentum_decay_seed_42,2004-05-26,3.154747469648924e-23,-0.016140636205156843,1338080.4825732233,-0.4393493852800403,0,TRANSITION
momentum_decay_seed_42,2004-05-27,3.103827838422182e-23,-0.032750853482886456,1902424.9449803333,-0.4250636749395833,0,TRANSITION
momentum_decay_seed_42,2004-05-28,3.002174827649913e-23,-0.02814480252473332,880865.6656239495,-0.4289732661309701,0,TRANSITION
momentum_decay_seed_42,2004-05-31,2.917679209980981e-23,-0.03381659545750225,884656.771945086,-0.4320274225788643,0,TRANSITION
momentum_decay_seed_42,2004-06-01,2.8190132324622895e-23,-0.029096158616830004,501240.68883787247,-0.43067682328267953,0,TRANSITION
momentum_decay_seed_42,2004-06-02,2.736990776307624e-23,-0.029514158254390212,1096737.117497481,-0.4301208069152138,0,TRANSITION
momentum_decay_seed_42,2004-06-03,2.656210797394875e-23,-0.024280957591904923,1622300.649647019,-0.4356345156487641,0,TRANSITION
momentum_decay_seed_42,2004-06-04,2.59171545566817e-23,-0.021633287511496305,1380930.1084870617,-0.432364441806135,0,TRANSITION
momentum_decay_seed_42,2004-06-07,2.5356481300677118e-23,-0.02128785201919281,1229492.9240009822,-0.4261983875497791,0,TRANSITION
momentum_decay_seed_42,2004-06-08,2.4816696279020873e-23,-0.023353649976936862,1408036.4680102398,-0.4160302867655441,0,TRANSITION
momentum_decay_seed_42,2004-06-09,2.423713584053667e-23,-0.020082490061492875,1132050.0323826831,-0.41911127631954104,0,TRANSITION
momentum_decay_seed_42,2004-06-10,2.3750393800900038e-23,-0.019528772128478988,930464.4912789649,-0.39590363306087384,0,TRANSITION
momentum_decay_seed_42,2004-06-11,2.328657777240062e-23,-0.026115340658412617,1748217.2624853805,-0.40288745849000274,0,TRANSITION
momentum_decay_seed_42,2004-06-14,2.267844086110576e-23,-0.010666357648496211,1110562.0329976336,-0.3900596935868289,0,TRANSITION
momentum_decay_seed_42,2004-06-15,2.2436544499970936e-23,-0.022959758899729427,1329846.2316328753,-0.38016782982428743,0,TRANSITION
momentum_decay_seed_42,2004-06-16,2.1921406847708553e-23,-0.01774267081017086,551095.4933174996,-0.37972847790194053,0,TRANSITION
momentum_decay_seed_42,2004-06-17,2.1532462542313835e-23,-0.008043102606975654,574147.7195405412,-0.3766305867927049,0,TRANSITION
momentum_decay_seed_42,2004-06-18,2.1359274736705147e-23,-0.012578510637400514,1043278.8225880386,-0.3795892058647222,0,TRANSITION
momentum_decay_seed_42,2004-06-21,2.109060687222234e-23,-0.03793310148885339,798094.8854363629,-0.3607203025138265,0,TRANSITION
momentum_decay_seed_42,2004-06-22,2.029057474127682e-23,-0.022576837075146707,1067360.3053250136,-0.3760237798827468,0,TRANSITION
momentum_decay_seed_42,2004-06-23,1.9832477741181926e-23,-0.02122696578799009,884365.1760732575,-0.3713449988632852,0,TRANSITION
momentum_decay_seed_42,2004-06-24,1.9411494414678782e-23,-0.013561099041359595,1997425.2436625804,-0.3745950025196457,0,TRANSITION
momentum_decay_seed_42,2004-06-25,1.9148253216380525e-23,-0.013299761519249055,1300013.5031679687,-0.36218727037393483,0,TRANSITION
momentum_decay_seed_42,2004-06-28,1.8893586015092472e-23,-0.023472623083522503,1447539.9595099546,-0.35244471186345294,0,TRANSITION
momentum_decay_seed_42,2004-06-29,1.8450103991864094e-23,-0.02329054360430759,598283.6377163036,-0.3455119763397243,0,TRANSITION
momentum_decay_seed_42,2004-06-30,1.8020391040337573e-23,-0.030935462145130675,1224991.527319784,-0.34159840083026394,0,TRANSITION
momentum_decay_seed_42,2004-07-01,1.746292191546876e-23,-0.027987931543735512,956866.4120355191,-0.34256264854446705,0,TRANSITION
momentum_decay_seed_42,2004-07-02,1.6974170852345023e-23,-0.013408439879379182,1455729.7378853112,-0.34506039946546085,0,TRANSITION
momentum_decay_seed_42,2004-07-05,1.6746573702969043e-23,-0.014519772821967543,1176901.520861199,-0.3395545105652399,0,TRANSITION
momentum_decay_seed_42,2004-07-06,1.6503417257255597e-23,-0.018592999047634663,990730.9121700302,-0.33498733789126545,0,TRANSITION
momentum_decay_seed_42,2004-07-07,1.6196569235908726e-23,-0.04226575758014781,743567.1916059066,-0.3317457416391617,0,TRANSITION
momentum_decay_seed_42,2004-07-08,1.5512008966953728e-23,-0.016994211149653136,1038233.0549197599,-0.346873609886591,0,TRANSITION
momentum_decay_seed_42,2004-07-09,1.5248394611214002e-23,-0.0043535314712833464,1352988.895863204,-0.3451852496210721,0,TRANSITION
momentum_decay_seed_42,2004-07-12,1.5182010245387534e-23,-0.029879901484778242,1480677.3044740139,-0.33055317433990095,0,TRANSITION
momentum_decay_seed_42,2004-07-13,1.4728373274914462e-23,-0.014929098512758112,915700.2015739867,-0.3435542948722099,0,TRANSITION
momentum_decay_seed_42,2004-07-14,1.450849193936059e-23,-0.004764225354165185,1883206.9902850275,-0.3381587212831113,0,TRANSITION
momentum_decay_seed_42,2004-07-15,1.4439370214212386e-23,-0.023275872866529695,1322930.41913005,-0.3294138937505492,0,TRANSITION
momentum_decay_seed_42,2004-07-16,1.4103281268833625e-23,-0.011341690396936837,801877.1136037186,-0.3397116033814743,0,TRANSITION
momentum_decay_seed_42,2004-07-19,1.3943326219101593e-23,-0.021447908660304698,759446.5641340945,-0.33888454212923413,0,TRANSITION
momentum_decay_seed_42,2004-07-20,1.364427103193347e-23,-0.0029672001790060354,971713.2899212628,-0.3275562074554187,0,TRANSITION
momentum_decay_seed_42,2004-07-21,1.360378574848511e-23,-0.04312159337569271,915143.5637509446,-0.3140652456028227,0,TRANSITION
momentum_decay_seed_42,2004-07-22,1.3017168831068891e-23,-0.02555209144073826,1134408.2642701066,-0.32940923800150934,0,TRANSITION
momentum_decay_seed_42,2004-07-23,1.2684552942797892e-23,-0.01926169583785267,1010714.7522959355,-0.33756083129573455,0,TRANSITION
momentum_decay_seed_42,2004-07-26,1.244022694217458e-23,-0.01032401893131684,933862.5643527668,-0.3415634844419082,0,TRANSITION
momentum_decay_seed_42,2004-07-27,1.2311793803713693e-23,-0.023230342918439926,681665.4939182317,-0.33269786397178025,0,TRANSITION
momentum_decay_seed_42,2004-07-28,1.20257866117123e-23,-0.024033824342072442,1186501.9949657663,-0.332656733985778,0,TRANSITION
momentum_decay_seed_42,2004-07-29,1.173676096871116e-23,-0.011040199075793847,668845.8410521614,-0.3279039426778477,0,TRANSITION
momentum_decay_seed_42,2004-07-30,1.1607184791111581e-23,-0.018008480504523708,1324153.857865509,-0.31618546248413537,0,TRANSITION
momentum_decay_seed_42,2004-08-02,1.1398157030088444e-23,-0.010331606880837925,612496.8988871968,-0.3193737876024374,0,TRANSITION
momentum_decay_seed_42,2004-08-03,1.1280395752487511e-23,-0.014136087499076872,660358.7900680861,-0.31648121254837847,0,TRANSITION
momentum_decay_seed_42,2004-08-04,1.1120935091106132e-23,-0.028655249044960623,801022.729280796,-0.3133771152936278,0,TRANSITION
momentum_decay_seed_42,2004-08-05,1.0802261926457644e-23,-0.01872260767129601,895406.4727852445,-0.3036194119362343,0,TRANSITION
momentum_decay_seed_42,2004-08-06,1.0600015414445999e-23,-0.010835375244604345,851247.7517851532,-0.30484384194448144,0,TRANSITION
momentum_decay_seed_42,2004-08-09,1.0485160269831886e-23,-0.006753275229770076,894475.8769292694,-0.30936943788340576,0,TRANSITION
momentum_decay_seed_42,2004-08-10,1.0414351096701461e-23,-0.02336353193218382,1072822.784824873,-0.2929055434493023,0,TRANSITION
momentum_decay_seed_42,2004-08-11,1.0171035072300704e-23,-0.03269569877642756,805344.6383900571,-0.29895987020488657,0,TRANSITION
momentum_decay_seed_42,2004-08-12,9.83848597333228e-24,-0.0195993871781992,1075389.9010448072,-0.3186346892298354,0,TRANSITION
momentum_decay_seed_42,2004-08-13,9.64565767749366e-24,-0.02124343635311206,552639.780053714,-0.3160699631787618,0,TRANSITION
momentum_decay_seed_42,2004-08-16,9.440750762537915e-24,3.7712376556101046e-05,798309.823155225,-0.32291975284888597,0,TRANSITION
momentum_decay_seed_42,2004-08-17,9.441106795685644e-24,-0.02996534746222348,653315.7997041537,-0.30805341131164954,0,TRANSITION
momentum_decay_seed_42,2004-08-18,9.158200750124964e-24,-0.0018169838099757543,1319816.1027262683,-0.32679028327502124,0,TRANSITION
momentum_decay_seed_42,2004-08-19,9.141560447633479e-24,-0.021538249532436937,830069.5930307898,-0.2977305152703601,0,TRANSITION
momentum_decay_seed_42,2004-08-20,8.944667237596493e-24,-0.038321165193533374,1166559.5357819416,-0.29483780169996865,0,TRANSITION
momentum_decay_seed_42,2004-08-23,8.601897166783372e-24,-0.017690277152319828,627947.6843705819,-0.30854178088814344,0,TRANSITION
momentum_decay_seed_42,2004-08-24,8.449727221867219e-24,-0.019073019945212547,1473252.6471326686,-0.3136883742060017,0,TRANSITION
momentum_decay_seed_42,2004-08-25,8.28856540603294e-24,-0.0032106022576374738,1025555.2753279182,-0.3107672975038124,0,TRANSITION
momentum_decay_seed_42,2004-08-26,8.261954119227754e-24,-0.02014975563449316,1693370.9433570162,-0.29606182308277695,0,TRANSITION
momentum_decay_seed_42,2004-08-27,8.09547776266192e-24,0.004006505390685948,995799.6652526229,-0.3025459740365999,0,TRANSITION
momentum_decay_seed_42,2004-08-30,8.127912337958203e-24,-0.003771012036936701,683485.5127013953,-0.2869099525035115,0,TRANSITION
momentum_decay_seed_42,2004-08-31,8.097261882696596e-24,-0.012854874991175793,775242.8971232461,-0.28218281872681483,0,TRANSITION
momentum_decay_seed_42,2004-09-01,7.993172593423718e-24,-0.023292490588952094,941148.1039252441,-0.28124995533728214,0,TRANSITION
momentum_decay_seed_42,2004-09-02,7.806991696015526e-24,-0.0107810068591347,782097.800315561,-0.2772817629154034,0,TRANSITION
momentum_decay_seed_42,2004-09-03,7.722824464991575e-24,-0.014675288453289718,1282594.3107941167,-0.27143271372353917,0,TRANSITION
momentum_decay_seed_42,2004-09-06,7.609489788293701e-24,-0.007498961678226655,1017682.8116679818,-0.2742609943514285,0,TRANSITION
momentum_decay_seed_42,2004-09-07,7.55242651598043e-24,-0.005646553176740338,784346.2637001392,-0.274805847637256,0,TRANSITION
momentum_decay_seed_42,2004-09-08,7.509781338044523e-24,0.013160008806902091,1227323.4903094019,-0.26165023671029397,0,TRANSITION
momentum_decay_seed_42,2004-09-09,7.608610126591098e-24,-0.017289848117015727,910259.0518319744,-0.22664827218185557,0,TRANSITION
momentum_decay_seed_42,2004-09-10,7.47705841312075e-24,-0.004350764330945511,1211963.1318192957,-0.224826480151056,0,TRANSITION
momentum_decay_seed_42,2004-09-13,7.444527494076548e-24,-0.01640620870909982,874789.6790264443,-0.2114475128802925,0,TRANSITION
momentum_decay_seed_42,2004-09-14,7.322391022268096e-24,-0.020483200266878387,1144860.4015784233,-0.2244139187564057,0,TRANSITION
momentum_decay_seed_42,2004-09-15,7.172405020526586e-24,-0.011144206105579865,902457.6663165466,-0.2168325180654379,0,TRANSITION
momentum_decay_seed_42,2004-09-16,7.092474260705142e-24,-0.01791889586079206,1282722.370331575,-0.22415059208614585,0,TRANSITION
momentum_decay_seed_42,2004-09-17,6.965384953032218e-24,-0.030871660293911207,630907.4396783065,-0.2212807063682477,0,TRANSITION
momentum_decay_seed_42,2004-09-20,6.750351954945887e-24,-0.02467013872046091,729895.9664728128,-0.21524847088236698,0,TRANSITION
momentum_decay_seed_42,2004-09-21,6.5838198358054376e-24,-0.023260038994170028,962084.793129039,-0.22082457067169725,0,TRANSITION
momentum_decay_seed_42,2004-09-22,6.4306799296940126e-24,-0.018944872227746917,838879.0522361029,-0.2241504271639868,0,TRANSITION
momentum_decay_seed_42,2004-09-23,6.308851520088423e-24,0.0021882540175723626,895720.4027458159,-0.23639717322975007,0,TRANSITION
momentum_decay_seed_42,2004-09-24,6.3226568897735244e-24,-0.010708271064631266,1179967.5019259844,-0.21898903620797106,0,TRANSITION
momentum_decay_seed_42,2004-09-27,6.2549521659491715e-24,-0.015034667703353956,891137.4753018767,-0.2304355773206499,0,TRANSITION
momentum_decay_seed_42,2004-09-28,6.160911038633752e-24,-0.004693426323333284,1085387.0130939202,-0.23913649726467645,0,TRANSITION
momentum_decay_seed_42,2004-09-29,6.131995256589314e-24,-0.010003085420446313,796996.9902680998,-0.232845883794085,0,TRANSITION
momentum_decay_seed_42,2004-09-30,6.0706563842398794e-24,-0.008083531054615099,601755.0006554655,-0.22240773134955738,0,TRANSITION
momentum_decay_seed_42,2004-10-01,6.021584044835979e-24,-0.012834131084862265,1209899.5147387006,-0.22028733501162812,0,TRANSITION
momentum_decay_seed_42,2004-10-04,5.944302245866038e-24,-0.018678605210146457,1574805.4629081248,-0.21883038005903588,0,TRANSITION
momentum_decay_seed_42,2004-10-05,5.83327097096572e-24,-0.01005724412217795,1055864.7546414784,-0.22762956268122458,0,TRANSITION
momentum_decay_seed_42,2004-10-06,5.774604340779904e-24,-0.010674994255298312,975237.3352268239,-0.23105559525071906,0,TRANSITION
momentum_decay_seed_42,2004-10-07,5.712960472615458e-24,-0.0008849610603462784,1027137.9626387723,-0.24914532647041443,0,TRANSITION
momentum_decay_seed_42,2004-10-08,5.707904725057896e-24,-0.009219826859757292,1411191.0428573808,-0.23661092241279558,0,TRANSITION
momentum_decay_seed_42,2004-10-11,5.655278831760871e-24,-0.016047769797115988,1226088.4965222413,-0.24034415397610442,0,TRANSITION
momentum_decay_seed_42,2004-10-12,5.5645242189302696e-24,-0.016482791492450508,1211051.345805927,-0.24006732199796277,0,TRANSITION
momentum_decay_seed_42,2004-10-13,5.472805326474951e-24,0.013410756600019351,1313460.1409742942,-0.23696370871243033,0,TRANSITION
momentum_decay_seed_42,2004-10-14,5.546199786627597e-24,-0.03045386300171957,969940.0902772705,-0.21801622638864726,0,TRANSITION
momentum_decay_seed_42,2004-10-15,5.377296578145473e-24,0.003957547329515107,871954.3273725574,-0.2279972156019041,0,TRANSITION
momentum_decay_seed_42,2004-10-18,5.3985774838583234e-24,-0.005704843946360073,1148284.623167481,-0.2002524431481143,0,TRANSITION
momentum_decay_seed_42,2004-10-19,5.367779441780578e-24,-0.0031822214603585905,1286811.0312766521,-0.18470134729561505,0,TRANSITION
momentum_decay_seed_42,2004-10-20,5.350697978846473e-24,0.0013347049938946046,1355853.705451446,-0.1679421091789477,0,TRANSITION
momentum_decay_seed_42,2004-10-21,5.3578395821596606e-24,-0.00410434685324515,1462906.3580439554,-0.15074248219356312,0,TRANSITION
momentum_decay_seed_42,2004-10-22,5.335849150130432e-24,-0.01059635434289799,1253970.4161850705,-0.15607485220954953,0,TRANSITION
momentum_decay_seed_42,2004-10-25,5.279308601815399e-24,0.009709816872417159,860393.700775515,-0.1559793805370726,0,TRANSITION
momentum_decay_seed_42,2004-10-26,5.330569721552004e-24,0.0008581702071187719,1055538.6117136336,-0.13477573558112688,0,TRANSITION
momentum_decay_seed_42,2004-10-27,5.33514425767401e-24,-0.012888567880437102,1031418.4632237788,-0.12994970895631808,0,TRANSITION
momentum_decay_seed_42,2004-10-28,5.266381888757054e-24,0.007503752886707241,1002749.4960957655,-0.13248559044962827,0,TRANSITION
momentum_decay_seed_42,2004-10-29,5.305899517057317e-24,-0.023803694808006936,1148905.8084999959,-0.11885319916649206,0,TRANSITION
momentum_decay_seed_42,2004-11-01,5.179599504271334e-24,0.011301198796612337,947611.0799284428,-0.1286446600400436,0,TRANSITION
momentum_decay_seed_42,2004-11-02,5.238135187955939e-24,-0.02435930196750903,947954.0811909984,-0.10202436779844193,0,TRANSITION
momentum_decay_seed_42,2004-11-03,5.110537871165885e-24,0.0006366341282282592,1605222.2513483549,-0.11499774364183213,0,TRANSITION
momentum_decay_seed_42,2004-11-04,5.113791413988272e-24,-0.009734244250452795,982649.0767348631,-0.1048789084922338,0,TRANSITION
momentum_decay_seed_42,2004-11-05,5.0640125193186424e-24,-0.011272676811626477,1310734.913324738,-0.11280710466531518,0,TRANSITION
momentum_decay_seed_42,2004-11-08,5.006927542818333e-24,-0.00026366587185443126,1332509.632772103,-0.1146453266461952,0,TRANSITION
momentum_decay_seed_42,2004-11-09,5.0056073869024435e-24,-0.004063246595473481,1063080.1340990805,-0.10044287885861214,0,TRANSITION
momentum_decay_seed_42,2004-11-10,4.985268369729335e-24,0.0056893882016434685,957200.8746604447,-0.08908355544589419,0,TRANSITION
momentum_decay_seed_42,2004-11-11,5.0136314967740994e-24,-0.021197084058638113,805464.8554643007,-0.09602400027809477,0,TRANSITION
momentum_decay_seed_42,2004-11-12,4.907357128497944e-24,0.0019281062872020189,1166036.0798569603,-0.08739325473649118,0,TRANSITION
momentum_decay_seed_42,2004-11-15,4.916819034630947e-24,-0.0002503133437759637,1127564.828302891,-0.08923803551358267,0,TRANSITION
momentum_decay_seed_42,2004-11-16,4.915588289217647e-24,0.003930397114210747,922991.6467907892,-0.08424175349740759,0,TRANSITION
momentum_decay_seed_42,2004-11-17,4.9349085032442364e-24,-0.008379669165399223,988675.0834825714,-0.07770752100866551,0,TRANSITION
momentum_decay_seed_42,2004-11-18,4.8935556026255344e-24,0.01643878512290143,924989.5599593386,-0.08665507289170848,0,TRANSITION
momentum_decay_seed_42,2004-11-19,4.9739997116640665e-24,0.0021628149719188873,648078.128962392,-0.06781478041925526,0,TRANSITION
momentum_decay_seed_42,2004-11-22,4.984757552710774e-24,-0.003321536975674137,657192.9587398056,-0.05579348951173979,0,TRANSITION
momentum_decay_seed_42,2004-11-23,4.968200496184674e-24,-0.023464877396057193,897262.4518221049,-0.0679794551607188,0,TRANSITION
momentum_decay_seed_42,2004-11-24,4.85162228066267e-24,-0.0071345798633549035,1102146.2306404745,-0.09062959756258648,0,TRANSITION
momentum_decay_seed_42,2004-11-25,4.81700799403445e-24,0.005399185601477431,591672.7490906783,-0.08532877110221548,0,TRANSITION
momentum_decay_seed_42,2004-11-26,4.843015914238043e-24,0.011983537028280115,1431541.0831238457,-0.08723942120109962,0,TRANSITION
momentum_decay_seed_42,2004-11-29,4.9010523747748645e-24,-0.001248075746026916,1093888.8619879705,-0.05377773499027616,0,TRANSITION
momentum_decay_seed_42,2004-11-30,4.8949354901759e-24,0.014851678718274051,1393807.4222858464,-0.06551944260032816,0,TRANSITION
momentum_decay_seed_42,2004-12-01,4.96763349942267e-24,-0.010210301911642516,1327625.7223069777,-0.02796268716635375,0,TRANSITION
momentum_decay_seed_42,2004-12-02,4.916912461607175e-24,0.0033650716619064154,1051624.6071286309,-0.03849960556516918,0,TRANSITION
momentum_decay_seed_42,2004-12-03,4.933458224395804e-24,0.004046931006144568,636096.9804837671,-0.025780800190518538,0,TRANSITION
momentum_decay_seed_42,2004-12-06,4.9534235894516304e-24,0.006149188092637234,1765171.6830327555,-0.010685985149404775,0,TRANSITION
momentum_decay_seed_42,2004-12-07,4.983883122805675e-24,0.001734799787729548,1445352.549010487,-0.004339985623645126,0,TRANSITION
momentum_decay_seed_42,2004-12-08,4.9925291621891865e-24,0.0038419403155436497,981861.9303255853,0.0014564496675724126,0,TRANSITION
momentum_decay_seed_42,2004-12-09,5.0117101612539286e-24,-0.00964480111244057,815497.7124645136,-0.0003832223252561162,0,TRANSITION
momentum_decay_seed_42,2004-12-10,4.9633732135154366e-24,0.013914304957193894,1372420.733401659,0.011414715406016906,0,TRANSITION
momentum_decay_seed_42,2004-12-13,5.032435102024658e-24,0.010033883752460159,780534.3116354846,0.023514403637673986,0,TRANSITION
momentum_decay_seed_42,2004-12-14,5.082929970830172e-24,0.0038535113363349486,978494.6165470529,0.034043062959440595,0,TRANSITION
momentum_decay_seed_42,2004-12-15,5.102517099094563e-24,0.010341075077681281,1121934.7606915296,0.033963871009997426,0,TRANSITION
momentum_decay_seed_42,2004-12-16,5.155282611501452e-24,0.014638248881690024,1020894.8539347386,0.05348401655750945,1,TRANSITION
momentum_decay_seed_42,2004-12-17,5.230746921424059e-24,0.006673430164404011,1080423.6253690578,0.05161785778915884,1,TRANSITION
momentum_decay_seed_42,2004-12-20,5.265653945711854e-24,0.02196352030253627,811950.7057364703,0.05635106422544567,1,TRANSITION
momentum_decay_seed_42,2004-12-21,5.381306243054627e-24,0.007547114596075782,1124632.4046072164,0.08314997496320808,1,TRANSITION
momentum_decay_seed_42,2004-12-22,5.421919577947538e-24,-0.007892572070255892,668949.670381406,0.11754775295635178,1,TRANSITION
momentum_decay_seed_42,2004-12-23,5.379126686919456e-24,0.0030361352631936055,1362703.946665692,0.11669457339102474,1,TRANSITION
momentum_decay_seed_42,2004-12-24,5.3954584431387984e-24,0.010382899289838191,619746.3895698815,0.11406993879095517,1,TRANSITION
momentum_decay_seed_42,2004-12-27,5.451478944776416e-24,0.014113169858767122,872890.0281806081,0.11230783266763922,1,INVALID
momentum_decay_seed_42,2004-12-28,5.528416593105538e-24,0.0020470668602052995,978280.4223269919,0.12941561828568116,1,INVALID
momentum_decay_seed_42,2004-12-29,5.5397336315026936e-24,-0.008974929708546624,1342775.3712921187,0.1151655274380674,1,INVALID
momentum_decay_seed_42,2004-12-30,5.490014911555885e-24,-0.0019649842039810733,780194.7570354608,0.11655738320006259,1,INVALID
momentum_decay_seed_42,2004-12-31,5.479227118975057e-24,-0.013308772526134906,1229728.2375675119,0.11062602940072397,1,INVALID
momentum_decay_seed_42,2005-01-03,5.4063053316295884e-24,0.008237209270437923,659015.2194560892,0.09142802629324387,1,INVALID
momentum_decay_seed_42,2005-01-04,5.4508382000261055e-24,-0.003922260129202831,860067.3506069679,0.09369302323397144,1,INVALID
momentum_decay_seed_42,2005-01-05,5.429458594683408e-24,-0.006789793143519822,628636.1795695304,0.08751665103997719,1,INVALID
momentum_decay_seed_42,2005-01-06,5.3925936939442016e-24,0.009303778576228923,998109.9642135944,0.07599871509628087,1,INVALID
momentum_decay_seed_42,2005-01-07,5.4427651916242265e-24,0.016573761202324965,824640.6679252535,0.09658592201033533,1,INVALID
momentum_decay_seed_42,2005-01-10,5.532972282190532e-24,-0.006830918015851747,842704.4243205017,0.09946222256587034,1,INVALID
momentum_decay_seed_42,2005-01-11,5.4951770021469086e-24,0.0021146015236391718,1468643.797152782,0.0811042122717669,1,INVALID
momentum_decay_seed_42,2005-01-12,5.506797111808315e-24,-0.0015513313118059343,871093.3064100364,0.07923148611995656,1,INVALID
momentum_decay_seed_42,2005-01-13,5.498254245021004e-24,0.014662028196256819,1402516.8805506348,0.06652819241264885,1,INVALID
momentum_decay_seed_42,2005-01-14,5.5788698037916905e-24,-0.00042433810079108215,815300.6852564382,0.06655318783284891,1,INVALID
momentum_decay_seed_42,2005-01-17,5.576502476774589e-24,-0.009862401105165976,1022795.1340221622,0.05903322441382186,1,INVALID
momentum_decay_seed_42,2005-01-18,5.521504772584686e-24,5.3228604517004874e-05,986175.1895216963,0.02605288069434919,0,INVALID
momentum_decay_seed_42,2005-01-19,5.5217986745785644e-24,0.01207425028311201,1329831.6692289398,0.018421353396177675,0,INVALID
momentum_decay_seed_42,2005-01-20,5.588470253788382e-24,-0.002139531438608117,920993.454602508,0.03891776101462541,0,INVALID
momentum_decay_seed_42,2005-01-21,5.576513545986675e-24,-0.005851884489270115,1180659.3758616159,0.033556945115223336,0,INVALID
momentum_decay_seed_42,2005-01-24,5.543880432862711e-24,-0.0008790648736921473,1158539.3584400981,0.016949801883548332,0,INVALID
momentum_decay_seed_42,2005-01-25,5.5390070023102326e-24,-0.009568367128796466,784781.7350099056,0.0019156315422939052,0,INVALID
momentum_decay_seed_42,2005-01-26,5.4860077497831535e-24,-0.001564214791432986,1435861.0067833266,-0.009698278887276812,0,INVALID
momentum_decay_seed_42,2005-01-27,5.477426455315027e-24,-0.005136362607149101,1506951.179762938,-0.002292973050831093,0,INVALID
momentum_decay_seed_42,2005-01-28,5.449292406886537e-24,0.023926767230182416,1075516.8107956755,-0.005463309229298718,0,INVALID
momentum_decay_seed_42,2005-01-31,5.579676357875311e-24,-0.018978144998997765,767707.340001327,0.032068300921040516,0,INVALID
momentum_decay_seed_42,2005-02-01,5.473784450908074e-24,-0.008268091053930737,1379398.497567655,0.004209673822616722,0,INVALID
momentum_decay_seed_42,2005-02-02,5.428526702658376e-24,-0.005859182104515849,994836.7844310589,-0.00017163627068528253,0,INVALID
momentum_decay_seed_42,2005-02-03,5.396719976148274e-24,-0.009505362071857423,1069338.994294906,0.0007651758018978327,0,INVALID
momentum_decay_seed_42,2005-02-04,5.345422198774559e-24,0.004498153265565343,956011.8008985084,-0.01788484151391767,0,INVALID
momentum_decay_seed_42,2005-02-07,5.369466727093802e-24,-0.007000840296458889,777184.7203284743,-0.029551124921232685,0,INVALID
momentum_decay_seed_42,2005-02-08,5.331875948060269e-24,-0.014288154342262783,916818.5421209792,-0.02971715997916713,0,INVALID
momentum_decay_seed_42,2005-02-09,5.255693281580585e-24,0.0011879653990290184,899748.2781710449,-0.045598888996524645,0,INVALID
momentum_decay_seed_42,2005-02-10,5.261936863347012e-24,-0.0027137649293172456,904939.457421194,-0.04298043908900562,0,INVALID
momentum_decay_seed_42,2005-02-11,5.247657203626979e-24,-0.00655743462432314,995036.9391620755,-0.05936912167041475,0,INVALID
momentum_decay_seed_42,2005-02-14,5.213246034583337e-24,0.014359781248017758,1188587.5168134219,-0.0651405506774484,0,INVALID
momentum_decay_seed_42,2005-02-15,5.28810710723205e-24,0.004851982314777071,890390.5448676164,-0.04227066261202905,0,INVALID
momentum_decay_seed_42,2005-02-16,5.313764909394987e-24,0.0036548734503850473,941854.6752563426,-0.037675000021520244,0,INVALID
momentum_decay_seed_42,2005-02-17,5.333186047683922e-24,0.005086595430180988,1479116.4005079565,-0.04568051622559943,0,INVALID
momentum_decay_seed_42,2005-02-18,5.360313807462377e-24,0.00453995631446959,641880.1758421239,-0.03876969664673258,0,INVALID
momentum_decay_seed_42,2005-02-21,5.384649397980105e-24,-0.002215961699981027,1360994.844756697,-0.028721946082878147,0,INVALID
momentum_decay_seed_42,2005-02-22,5.372717221146355e-24,-0.00690115541151946,1282624.9260300205,-0.030021587099370195,0,INVALID
momentum_decay_seed_42,2005-02-23,5.335639264621077e-24,0.0014116901883264015,689778.4707114523,-0.027409455476620548,0,INVALID
momentum_decay_seed_42,2005-02-24,5.343171534219391e-24,-0.002397710128935918,644603.9510325154,-0.02451058397422412,0,INVALID
momentum_decay_seed_42,2005-02-25,5.330360157711151e-24,-0.01909762905746281,1379485.4477121788,-0.021825264694015245,0,INVALID
momentum_decay_seed_42,2005-02-28,5.2285629166765045e-24,-0.010320322451615776,726240.3931105548,-0.06292720557227938,0,INVALID
momentum_decay_seed_42,2005-03-01,5.174602461417842e-24,-0.0036571678564620924,984294.6704425781,-0.054657247133763076,0,INVALID
momentum_decay_seed_42,2005-03-02,5.155678071625975e-24,0.009543483290916975,1418761.1984882783,-0.05026200403486747,0,INVALID
momentum_decay_seed_42,2005-03-03,5.204881199155884e-24,0.0014563031434388482,1131810.1305504357,-0.035547291288088756,0,INVALID
momentum_decay_seed_42,2005-03-04,5.212461084007441e-24,-0.00861982355313375,1103301.9368030154,-0.024873828450370006,0,INVALID
momentum_decay_seed_42,2005-03-07,5.167530589185721e-24,-0.011120442543592011,1238997.504337033,-0.03760822967560851,0,INVALID
momentum_decay_seed_42,2005-03-08,5.110065362176427e-24,0.01186142502118831,1232253.0582908222,-0.04160085269135638,0,INVALID
momentum_decay_seed_42,2005-03-09,5.1706780193232544e-24,-0.0017621305896197586,1054130.3882889803,-0.016175841644960554,0,INVALID
momentum_decay_seed_42,2005-03-10,5.1615666094163304e-24,-0.02861518370100673,1105256.5468055161,-0.019074773517301025,0,INVALID
momentum_decay_seed_42,2005-03-11,5.0138674327029e-24,-0.0011335399783980703,1078492.8471682926,-0.04455126580343172,0,INVALID
momentum_decay_seed_42,2005-03-14,5.008184013521543e-24,0.007065325128978275,987422.7350412069,-0.0393348059350096,0,INVALID
momentum_decay_seed_42,2005-03-15,5.0435684618828244e-24,-0.01140206856651158,981481.3859057722,-0.04624313395899138,0,INVALID
momentum_decay_seed_42,2005-03-16,4.986061348460541e-24,0.0006755548408082447,965266.8689832803,-0.06167069234753886,0,INVALID
momentum_decay_seed_42,2005-03-17,4.98942970634106e-24,0.0016191936728506807,1029150.2666243745,-0.06445609402509922,0,INVALID
momentum_decay_seed_42,2005-03-18,4.9975085593527006e-24,-0.010860345530341476,1296725.5266426022,-0.06768358367463412,0,INVALID
momentum_decay_seed_42,2005-03-21,4.943233889607292e-24,0.01289929698618241,1044904.1033128895,-0.08197664801322024,0,INVALID
momentum_decay_seed_42,2005-03-22,5.0069981316214975e-24,0.0017964668078005355,648137.2015631733,-0.06806967023788857,0,INVALID
momentum_decay_seed_42,2005-03-23,5.0159930375716746e-24,-0.0037071038447310497,863859.9437206245,-0.059907765723382855,0,INVALID
momentum_decay_seed_42,2005-03-24,4.9973982304969485e-24,-0.0016955071570044409,797557.0779367938,-0.06471312057043255,0,INVALID
momentum_decay_seed_42,2005-03-25,4.98892510603074e-24,-0.012644303611772137,1584571.3095836,-0.06405478083623961,0,INVALID
momentum_decay_seed_42,2005-03-28,4.925843622293694e-24,-0.013019345701635045,746468.0216575064,-0.05789722705971212,0,INVALID
momentum_decay_seed_42,2005-03-29,4.861712361302858e-24,-0.0046233970552128694,1540111.123065497,-0.06046650007375687,0,INVALID
momentum_decay_seed_42,2005-03-30,4.839234734688319e-24,-0.004027829411062397,993610.733636598,-0.06137763695510523,0,INVALID
momentum_decay_seed_42,2005-03-31,4.8197431226969066e-24,-0.002351506466144354,789697.183048646,-0.07399555565676286,0,INVALID
momentum_decay_seed_42,2005-04-01,4.80840946557873e-24,0.01392070920974255,1848844.5962859108,-0.07751647674999396,0,INVALID
momentum_decay_seed_42,2005-04-04,4.875345935510425e-24,0.006475741030616857,807966.6836253701,-0.05654241395043913,0,INVALID
momentum_decay_seed_42,2005-04-05,4.906917413223461e-24,-0.01776367638846221,812303.9443423153,-0.039754471724886775,0,INVALID
momentum_decay_seed_42,2005-04-06,4.819752520230049e-24,0.011600928466435508,1290303.845022949,-0.06786837195852602,0,INVALID
momentum_decay_seed_42,2005-04-07,4.87566612444316e-24,-0.004698652492195727,1298893.9086030535,-0.05539025389144392,0,INVALID
momentum_decay_seed_42,2005-04-08,4.8527570636564315e-24,0.007497655536581232,959163.303406165,-0.03213295349526557,0,INVALID
momentum_decay_seed_42,2005-04-11,4.8891413645224395e-24,-0.003936374712970443,1102823.8308496294,-0.023769623615606306,0,INVALID
momentum_decay_seed_42,2005-04-12,4.869895872086995e-24,0.0011387519414201225,667131.5974308746,-0.0344344666099754,0,INVALID
momentum_decay_seed_42,2005-04-13,4.875441475465848e-24,-0.011975882890341571,1309640.1565324115,-0.022185822689254953,0,INVALID
momentum_decay_seed_42,2005-04-14,4.817053759316955e-24,0.0033154169513369266,1173146.957656922,-0.034548226384476854,0,INVALID
momentum_decay_seed_42,2005-04-15,4.833024301006096e-24,0.008719754997190073,1206274.960148524,-0.03291325195207051,0,INVALID
momentum_decay_seed_42,2005-04-18,4.8751670888063345e-24,-0.01616959400164946,840619.3726318047,-0.01376969051455601,0,INVALID
momentum_decay_seed_42,2005-04-19,4.796337616290133e-24,0.008891273175270074,875132.5823469295,-0.0420732162852121,0,INVALID
momentum_decay_seed_42,2005-04-20,4.838983164277393e-24,-0.006940433238576419,873278.3107119211,-0.035289098682635855,0,INVALID
momentum_decay_seed_42,2005-04-21,4.805398524683131e-24,0.01752647554550939,634233.8236737306,-0.03841993312482628,0,INVALID
momentum_decay_seed_42,2005-04-22,4.889620224412416e-24,0.007698959812747644,1229279.7273692538,-0.019905065621907525,0,INVALID
momentum_decay_seed_42,2005-04-25,4.9272652140197656e-24,0.005767083615434016,1273706.7456366022,0.0002885986310319222,0,INVALID
momentum_decay_seed_42,2005-04-26,4.9556811645044365e-24,-0.0016376410412220167,940745.8943066291,0.019328334590406726,0,INVALID
momentum_decay_seed_42,2005-04-27,4.947565537642233e-24,0.026347407544150003,898623.5357187776,0.022385936804715012,0,INVALID
momentum_decay_seed_42,2005-04-28,5.077921063213885e-24,-0.004638004413514345,1149098.8285430286,0.05356674286253549,1,INVALID
momentum_decay_seed_42,2005-04-29,5.0543696429112215e-24,-0.010108689178563175,1123416.1685670184,0.05115208658771908,1,INVALID
momentum_decay_seed_42,2005-05-02,5.0032765911974664e-24,-0.0066106909580714015,1456631.647667143,0.026240323738924154,0,INVALID
momentum_decay_seed_42,2005-05-03,4.970201475875307e-24,0.010659776297431344,1133455.983864698,0.012896908042777211,0,INVALID
momentum_decay_seed_42,2005-05-04,5.023182711761301e-24,0.0009446999181963821,1100970.579813167,0.04220760104951249,0,INVALID
momentum_decay_seed_42,2005-05-05,5.027928112058187e-24,-0.0005644109688710714,1002704.1709060349,0.0312289610750196,0,INVALID
momentum_decay_seed_42,2005-05-06,5.0250902942810466e-24,-0.004494834297697043,865736.5580090404,0.035512437231870475,0,INVALID
momentum_decay_seed_42,2005-05-09,5.002503346077288e-24,-0.0010853663268515668,1447586.3646931855,0.023186480631844253,0,INVALID
momentum_decay_seed_42,2005-05-10,4.997073797395493e-24,-0.005162975968615086,821643.178697529,0.026115122098903543,0,INVALID
momentum_decay_seed_42,2005-05-11,4.971274025466144e-24,0.006756066331644784,1316652.6836479406,0.019656178929137846,0,INVALID
momentum_decay_seed_42,2005-05-12,5.004860282534976e-24,-0.0025752119890979147,1150368.4640263177,0.038987840410702024,0,INVALID
momentum_decay_seed_42,2005-05-13,4.991971706331632e-24,-0.00643561124950648,1154122.8492122565,0.03288777283665789,0,INVALID
momentum_decay_seed_42,2005-05-16,4.959845317061146e-24,0.009698044873917453,937157.887406877,0.01736929764914885,0,INVALID
momentum_decay_seed_42,2005-05-17,5.007946119513695e-24,-0.009819098459508032,1244295.392278925,0.0441187673079686,0,INVALID
momentum_decay_seed_42,2005-05-18,4.958772603486279e-24,0.0010870215281340966,807443.970050444,0.024755084930487392,0,INVALID
momentum_decay_seed_42,2005-05-19,4.96416289605939e-24,-0.019155651644689943,1539616.0908130703,0.03303875226180697,0,INVALID
momentum_decay_seed_42,2005-05-20,4.869071120914981e-24,-0.013760433315731482,1072061.2903976224,-0.004202597043189482,0,INVALID
momentum_decay_seed_42,2005-05-23,4.802070592446077e-24,-0.0036442841806424145,853352.3473437807,-0.025408541277109897,0,INVALID
momentum_decay_seed_42,2005-05-24,4.784570482551697e-24,-0.0053379593965920845,900210.1113409123,-0.03452818619130238,0,INVALID
momentum_decay_seed_42,2005-05-25,4.759030639585703e-24,-0.005352555666305784,1001803.3892481215,-0.03810659942189998,0,INVALID
momentum_decay_seed_42,2005-05-26,4.733557663169666e-24,0.007798696125227765,693770.3047695284,-0.06781582379035,0,INVALID
momentum_decay_seed_42,2005-05-27,4.7704732409759685e-24,0.00843174310022669,1207096.6841760264,-0.05616850804203033,0,INVALID
momentum_decay_seed_42,2005-05-30,4.810696645810384e-24,0.0029891815258415084,680325.700562988,-0.03849076537681306,0,INVALID
momentum_decay_seed_42,2005-05-31,4.825076691350468e-24,-0.01031202068439585,1184113.8796243018,-0.029198974172225167,0,INVALID
momentum_decay_seed_42,2005-06-01,4.775320400705466e-24,-0.0011626664531036576,1002295.9436969492,-0.04934367815757312,0,INVALID
momentum_decay_seed_42,2005-06-02,4.769768295872744e-24,0.01924496037012573,1584925.914572312,-0.05134516851311244,0,INVALID
momentum_decay_seed_42,2005-06-03,4.861562297701497e-24,0.024939270057279896,659621.4966906345,-0.03254230013849846,0,INVALID
momentum_decay_seed_42,2005-06-06,4.982806112744165e-24,0.009806732943274258,795482.4999211424,-0.00393747529395827,0,INVALID
momentum_decay_seed_42,2005-06-07,5.0316711615999615e-24,-0.009956902268418067,1274589.9196336262,0.006923524768135403,0,INVALID
momentum_decay_seed_42,2005-06-08,4.981571303597093e-24,-0.0010753374426606397,1131242.9098311411,0.002071355969958555,0,INVALID
momentum_decay_seed_42,2005-06-09,4.976214433451051e-24,0.002306723023806257,1148644.4421579158,-0.005723606148185234,0,INVALID
momentum_decay_seed_42,2005-06-10,4.98769318185609e-24,0.0007539954314606226,1348624.0781520035,-0.0008570810748217417,0,INVALID
momentum_decay_seed_42,2005-06-13,4.9914538797287365e-24,0.010960642330571804,958899.9688030743,0.00637289283173037,0,INVALID
momentum_decay_seed_42,2005-06-14,5.046163420413988e-24,0.007318133943208879,1156154.0136936198,0.007631332284382619,0,INVALID
momentum_decay_seed_42,2005-06-15,5.0830919202238984e-24,-0.010452627813984742,846922.0086677441,0.025070582315110945,0,INVALID
momentum_decay_seed_42,2005-06-16,5.029960252237525e-24,-0.006208213856805886,867681.5271842703,0.01325447161098725,0,INVALID
momentum_decay_seed_42,2005-06-17,4.9987331833004016e-24,0.009759840502940518,1217195.9566174827,0.0266297326873004,0,INVALID
momentum_decay_seed_42,2005-06-20,5.047520021886169e-24,0.014309190188243524,961959.8430460263,0.051113248902712405,1,INVALID
momentum_decay_seed_42,2005-06-21,5.119745945858305e-24,0.0024339891640053923,1407925.5056839862,0.07005340699419538,1,INVALID
momentum_decay_seed_42,2005-06-22,5.1322073520129856e-24,0.015753766494355403,814262.1258524617,0.07841443787379543,1,INVALID
momentum_decay_seed_42,2005-06-23,5.213058948237213e-24,0.001261651964309746,984861.4203014574,0.10129828750125869,1,INVALID
momentum_decay_seed_42,2005-06-24,5.219636014299319e-24,-0.008897903262971976,918602.9860875868,0.09415476214503582,1,INVALID
momentum_decay_seed_42,2005-06-27,5.173192197976159e-24,0.0063286832355728805,692698.9030236608,0.0753519872182069,1,INVALID
momentum_decay_seed_42,2005-06-28,5.205931692713887e-24,0.030595312289968236,822135.3291500487,0.07893242444128346,1,INVALID
momentum_decay_seed_42,2005-06-29,5.365208798612712e-24,-0.0125738247498137,762221.261781138,0.12352854853887929,1,INVALID
momentum_decay_seed_42,2005-06-30,5.297747603432797e-24,0.015293134789672954,1136024.263633717,0.11069286279941748,1,INVALID
momentum_decay_seed_42,2005-07-01,5.378766771613762e-24,0.005722424201872744,1016278.4882809998,0.10638647460237105,1,INVALID
momentum_decay_seed_42,2005-07-04,5.4095463567638734e-24,-0.006775115456917668,630724.0370328455,0.08564255448917946,1,INVALID
momentum_decay_seed_42,2005-07-05,5.3728960556272496e-24,-0.018950458499478812,764598.8725487633,0.06781542017916498,1,INVALID
momentum_decay_seed_42,2005-07-06,5.271077211903072e-24,-0.022428276216104336,1029676.8946411506,0.058115379799328126,1,INVALID
momentum_decay_seed_42,2005-07-07,5.152856036238097e-24,-0.005371937940134181,718529.1587164031,0.03549718468714458,0,INVALID
momentum_decay_seed_42,2005-07-08,5.125175213396981e-24,0.003964085022070677,812352.0619245027,0.027564251955395802,0,INVALID
momentum_decay_seed_42,2005-07-11,5.145491843695895e-24,0.008937987459354568,1079388.9003420772,0.030860340028931565,0,INVALID
momentum_decay_seed_42,2005-07-12,5.1914821852670596e-24,0.011408127893613808,1206949.2962777817,0.028797871322437274,0,INVALID
momentum_decay_seed_42,2005-07-13,5.250707277994004e-24,0.003034669008166697,999520.5149874336,0.032975079026846155,0,INVALID
momentum_decay_seed_42,2005-07-14,5.266641436641487e-24,0.001416566973910257,1136414.8352100658,0.04705428522992339,0,INVALID
momentum_decay_seed_42,2005-07-15,5.274101986964061e-24,-0.0033244253433977024,905472.3140177092,0.05508771794093792,1,INVALID
momentum_decay_seed_42,2005-07-18,5.256568628654934e-24,0.004216168299098297,815144.7292685378,0.04141610253398209,0,INVALID
momentum_decay_seed_42,2005-07-19,5.278731206669103e-24,-0.006631737506367649,976770.2692630038,0.031053349617750303,0,INVALID
momentum_decay_seed_42,2005-07-20,5.243724046939802e-24,-0.012103987277827886,847417.9955423338,0.021728797626050067,0,INVALID
momentum_decay_seed_42,2005-07-21,5.1802540777872024e-24,0.0007861766953178756,1277251.2850170021,-0.006292825532138502,0,INVALID
momentum_decay_seed_42,2005-07-22,5.1843266728189844e-24,0.008085477496020182,805977.0547818542,-0.006764713360012831,0,INVALID
momentum_decay_seed_42,2005-07-25,5.226244429464079e-24,-0.014065006270122327,869260.696748229,0.010255221429560368,0,INVALID
momentum_decay_seed_42,2005-07-26,5.1527372687944754e-24,-0.005370969895661131,1290856.0104588121,-0.010218041084530838,0,INVALID
momentum_decay_seed_42,2005-07-27,5.1250620720435296e-24,0.00041180020349177484,902826.5982218743,-0.04475999641081574,0,INVALID
momentum_decay_seed_42,2005-07-28,5.127172573647706e-24,0.00020037290866311696,1330623.0693070008,-0.0321976512574067,0,INVALID
momentum_decay_seed_42,2005-07-29,5.128199920129505e-24,0.005438770041121802,740981.7509876764,-0.04658444251693794,0,INVALID
momentum_decay_seed_42,2005-08-01,5.156091020219988e-24,0.018879239715294663,885814.7543864525,-0.04685334403816965,0,INVALID
momentum_decay_seed_42,2005-08-02,5.253434098584599e-24,-0.022350354978986662,999720.108677414,-0.022234183540091546,0,INVALID
momentum_decay_seed_42,2005-08-03,5.136017981622521e-24,0.019445977922602286,1093453.7261413955,-0.025622700038535284,0,INVALID
momentum_decay_seed_42,2005-08-04,5.235892873903241e-24,0.018309542887565654,1482870.9979292508,0.016114721055891623,0,INVALID
momentum_decay_seed_42,2005-08-05,5.3317596790326726e-24,0.009121523959767787,774962.9584298929,0.04030778598469942,0,INVALID
momentum_decay_seed_42,2005-08-08,5.3803934526926925e-24,0.002242893994169245,834853.8203265816,0.045651925244929004,0,INVALID
momentum_decay_seed_42,2005-08-09,5.392461104854004e-24,-0.006444557648827163,727429.5615869903,0.03871320605843631,0,INVALID
momentum_decay_seed_42,2005-08-10,5.357709078394714e-24,0.008985552801426162,844456.8204621364,0.02037854992396171,0,INVALID
momentum_decay_seed_42,2005-08-11,5.4058510562133106e-24,0.0027681972933082076,1221622.362197524,0.026432332872198927,0,INVALID
momentum_decay_seed_42,2005-08-12,5.420815518475148e-24,-0.0031163943394972,713476.8027450255,0.02781772742994293,0,INVALID
momentum_decay_seed_42,2005-08-15,5.403922119677913e-24,0.00869675756694491,829834.396211374,0.028032258576387026,0,INVALID
momentum_decay_seed_42,2005-08-16,5.450918720263403e-24,0.010563855860308832,1342517.003948765,0.03261910994383643,0,INVALID
momentum_decay_seed_42,2005-08-17,5.508501439930524e-24,-0.02739533122289479,827948.0609759828,0.05049415084023057,1,INVALID
momentum_decay_seed_42,2005-08-18,5.357594218441834e-24,0.014216269780822084,642916.4670027302,0.034233869225654745,0,INVALID
momentum_decay_seed_42,2005-08-19,5.433759223227376e-24,-0.0075072461826511255,904553.5835491834,0.048112815057767655,0,INVALID
momentum_decay_seed_42,2005-08-22,5.392966655041357e-24,0.01265159945488327,1507820.2628023385,0.031900962120589904,0,INVALID
momentum_decay_seed_42,2005-08-23,5.461196309034482e-24,-0.0029340309106397388,1006130.8979705182,0.059863141501133255,1,INVALID
momentum_decay_seed_42,2005-08-24,5.445172990254704e-24,0.0022716279838746606,967514.0780739073,0.06245991047744237,1,INVALID
momentum_decay_seed_42,2005-08-25,5.457542397596405e-24,0.0042246742423722675,1491842.3316055723,0.06443508955534516,1,INVALID
momentum_decay_seed_42,2005-08-26,5.480598736390184e-24,0.011692701090701713,1199023.23950029,0.06871783895893424,1,INVALID
momentum_decay_seed_42,2005-08-29,5.544681739212872e-24,0.007548618924740429,746455.7053081739,0.07536537223043527,1,INVALID
momentum_decay_seed_42,2005-08-30,5.586536428721157e-24,-0.025160951957727662,929004.0425549853,0.06340658774539554,1,INVALID
momentum_decay_seed_42,2005-08-31,5.445973854028009e-24,-0.010181176115186857,587404.0382250925,0.06034945234120248,1,INVALID
momentum_decay_seed_42,2005-09-01,5.3905274351014466e-24,0.0011379956534029645,1142028.2030824095,0.02953356092691184,0,INVALID
momentum_decay_seed_42,2005-09-02,5.396661831892142e-24,0.01950943482686692,1047170.4077821977,0.012172745353602243,0,INVALID
momentum_decay_seed_42,2005-09-05,5.501947654184082e-24,-0.00027433354183723597,728132.3821422855,0.022592065535756767,0,INVALID
momentum_decay_seed_42,2005-09-06,5.500438285397107e-24,-0.007362731165383355,1079080.0587571457,0.020023729136573243,0,INVALID
momentum_decay_seed_42,2005-09-07,5.459940037009946e-24,-0.01599949334084345,1007106.8207073215,0.019081095505443457,0,INVALID
momentum_decay_seed_42,2005-09-08,5.3725837627464e-24,-0.006816145525304338,1422586.301852654,-0.006153941927177997,0,INVALID
momentum_decay_seed_42,2005-09-09,5.335963449972634e-24,-0.0003247432391745505,1661714.733477842,-0.015653007967772026,0,INVALID
momentum_decay_seed_42,2005-09-12,5.334230631917773e-24,-0.0005330286899115438,1293062.4424948874,-0.012896464126743279,0,INVALID
momentum_decay_seed_42,2005-09-13,5.331387333952355e-24,-0.005840293332220078,992343.5033824209,-0.021928667889818065,0,INVALID
momentum_decay_seed_42,2005-09-14,5.3002504680543914e-24,0.0031799869441404742,1030228.8709273657,-0.03780537667949835,0,INVALID
momentum_decay_seed_42,2005-09-15,5.3171051953434785e-24,-0.001250444158598842,821959.1120220269,-0.007557314243580637,0,INVALID
momentum_decay_seed_42,2005-09-16,5.310456452211305e-24,0.022996640696148388,858537.67363548,-0.022691982833724977,0,INVALID
momentum_decay_seed_42,2005-09-19,5.4325791111753516e-24,0.015452321516965593,977817.0494211413,0.007345206945970073,0,INVALID
momentum_decay_seed_42,2005-09-20,5.516525070267584e-24,0.00259287641534908,952271.0363123546,0.01013125295305195,0,INVALID
momentum_decay_seed_42,2005-09-21,5.530828738016962e-24,-0.004470725918678646,718678.6093601793,0.01573058338377087,0,INVALID
momentum_decay_seed_42,2005-09-22,5.5061019186261365e-24,0.015860038309598666,1054043.444222686,0.008897690112516177,0,INVALID
momentum_decay_seed_42,2005-09-23,5.593428905992102e-24,0.013837203611929992,1057064.4657860172,0.02058719768202444,0,INVALID
momentum_decay_seed_42,2005-09-26,5.6708263206531695e-24,0.016274013394646857,1173724.7951753247,0.022750554021556013,0,INVALID
momentum_decay_seed_42,2005-09-27,5.763113424154195e-24,0.023902227106518042,985347.8486377177,0.03160759760291376,0,INVALID
momentum_decay_seed_42,2005-09-28,5.900864670058952e-24,-0.00766461834197669,885724.7427630953,0.08352791038364837,1,INVALID
momentum_decay_seed_42,2005-09-29,5.855636794475296e-24,0.023310246715580702,738958.724759741,0.08628271815206823,1,INVALID
momentum_decay_seed_42,2005-09-30,5.992133132831347e-24,-0.0033412073338030847,1227355.5470547124,0.11034067345487619,1,INVALID
momentum_decay_seed_42,2005-10-03,5.9721121736628065e-24,0.0068769218511778194,1366504.0282188952,0.08545419713711322,1,INVALID
momentum_decay_seed_42,2005-10-04,6.013181922367553e-24,-0.015478328327399114,1634818.628874329,0.09321868737836914,1,INVALID
momentum_decay_seed_42,2005-10-05,5.9201079182807666e-24,-0.004625213839428255,935812.6085595298,0.08428075732546403,1,INVALID
momentum_decay_seed_42,2005-10-06,5.892726153206225e-24,0.010603272047796942,610534.3820871206,0.09681419842469507,1,INVALID
momentum_decay_seed_42,2005-10-07,5.955208331711839e-24,0.007396312049865622,934635.0572838332,0.11605118504745016,1,INVALID
momentum_decay_seed_42,2005-10-10,5.999254910855139e-24,-0.003532436918276083,1803885.5613732368,0.1246710772043007,1,INVALID
momentum_decay_seed_42,2005-10-11,5.9780629213258855e-24,0.0011866416972399602,900065.0453445684,0.12129593047108922,1,INVALID
momentum_decay_seed_42,2005-10-12,5.9851567400570544e-24,-0.005667130253101499,1279938.2546916367,0.12922149172585762,1,INVALID
momentum_decay_seed_42,2005-10-13,5.951238077225923e-24,0.01057189270241366,854071.4707581027,0.11926280533960365,1,INVALID
momentum_decay_seed_42,2005-10-14,6.014153927624874e-24,-0.02044728263004821,1099284.8488447724,0.1325116742310437,1,INVALID
momentum_decay_seed_42,2005-10-17,5.8911808224861136e-24,0.015012358638272104,736130.4384012622,0.08441694118496557,1,INVALID
momentum_decay_seed_42,2005-10-18,5.9796213417961856e-24,-0.00762195931037249,1105703.81710798,0.08394709815143453,1,INVALID
momentum_decay_seed_42,2005-10-19,5.93404491123758e-24,0.00013236672801670204,958292.3176498703,0.07290339157476566,1,INVALID
momentum_decay_seed_42,2005-10-20,5.934830381346384e-24,-0.013582633948587894,1201935.699476271,0.07786424389819913,1,INVALID
momentum_decay_seed_42,2005-10-21,5.854219752729598e-24,0.0027295575486338884,810391.9295745761,0.046624503702570985,0,INVALID
momentum_decay_seed_42,2005-10-24,5.870199182447023e-24,0.005718591826367099,975350.2466829522,0.03515763850282916,0,INVALID
momentum_decay_seed_42,2005-10-25,5.903768455510911e-24,0.003571286762713211,735373.4236942097,0.02440608417790413,0,INVALID
momentum_decay_seed_42,2005-10-26,5.9248525056462004e-24,0.004868185471492834,1313763.4812926033,0.004065139081898206,0,INVALID
momentum_decay_seed_42,2005-10-27,5.953695786534926e-24,-0.0009588360256597089,1035389.759380073,0.016746085097379515,0,INVALID
momentum_decay_seed_42,2005-10-28,5.947987168528978e-24,-0.0007199859243978848,811628.3114047861,-0.007367320338810601,0,INVALID
momentum_decay_seed_42,2005-10-31,5.9437047014891376e-24,-0.0011902850660012523,1370158.5502044992,-0.0047566876420953585,0,INVALID
momentum_decay_seed_42,2005-11-01,5.936629998546233e-24,-0.004922470887653864,800554.2350783873,-0.012730684820388527,0,INVALID
momentum_decay_seed_42,2005-11-02,5.907407110207617e-24,-0.0037351399718084694,1051494.5933674197,-0.0021453676602635197,0,INVALID
momentum_decay_seed_42,2005-11-03,5.885342117780534e-24,0.0052284376074903036,1128992.7017140244,-0.0012530762899398695,0,INVALID
momentum_decay_seed_42,2005-11-04,5.9161132618420844e-24,0.01423559472265033,1248878.308311869,-0.00656485343452573,0,INVALID
momentum_decay_seed_42,2005-11-07,6.000332652570965e-24,-0.0093423906414796,1282696.7288234085,0.00017964592800945312,0,INVALID
momentum_decay_seed_42,2005-11-08,5.944275200951822e-24,-0.0007577147645982442,797810.9521672775,-0.005651951278988876,0,INVALID
momentum_decay_seed_42,2005-11-09,5.939771135867225e-24,-0.011383267269609428,893334.8116542612,-0.007583026838056783,0,INVALID
momentum_decay_seed_42,2005-11-10,5.8721571335073366e-24,-0.0047451293361903905,895455.3236685714,-0.013288149909715719,0,INVALID
momentum_decay_seed_42,2005-11-11,5.844292988426411e-24,-0.003157894861550056,845386.0137412872,-0.02824353038558569,0,INVALID
momentum_decay_seed_42,2005-11-14,5.825837325628866e-24,0.0019923804124923924,1342606.283459322,-0.01109174863685003,0,INVALID
momentum_decay_seed_42,2005-11-15,5.8374446098028166e-24,0.0017050818601964935,1855125.3520656968,-0.02377687881330981,0,INVALID
momentum_decay_seed_42,2005-11-16,5.847397930716893e-24,4.1328826548660924e-05,930050.4532645018,-0.014601672521318498,0,INVALID
momentum_decay_seed_42,2005-11-17,5.847639596811732e-24,0.004352539571710636,1066223.5304453382,-0.014691369244300478,0,INVALID
momentum_decay_seed_42,2005-11-18,5.873091679557957e-24,-0.008453204649775687,1680645.3078267558,0.0032236451013920586,0,INVALID
momentum_decay_seed_42,2005-11-21,5.823445233663758e-24,0.0020775059761412385,1239566.243192687,-0.007964627320154127,0,INVALID
momentum_decay_seed_42,2005-11-22,5.8355434759384264e-24,0.007706987820947633,675181.0271855518,-0.01155617468513681,0,INVALID
momentum_decay_seed_42,2005-11-23,5.8805179384360946e-24,-0.008571764037774298,1372873.365009269,-0.007482813651117248,0,INVALID
momentum_decay_seed_42,2005-11-24,5.8301115262479214e-24,-0.017253542620077035,997769.0253585083,-0.020757570544082338,0,INVALID
momentum_decay_seed_42,2005-11-25,5.72952144855e-24,0.010480295776172526,730006.6648710142,-0.03672935293722357,0,INVALID
momentum_decay_seed_42,2005-11-28,5.7895685279867284e-24,-0.011088029749380392,889937.426080962,-0.0259326768814393,0,INVALID
momentum_decay_seed_42,2005-11-29,5.7253736199123354e-24,-0.0052241243143102325,1059042.3867888125,-0.03558523584687445,0,INVALID
momentum_decay_seed_42,2005-11-30,5.6954635563760415e-24,0.007393260256749032,888957.8882000913,-0.03587759398964574,0,INVALID
momentum_decay_seed_42,2005-12-01,5.737571600731159e-24,-0.009053652126818322,747939.3854891005,-0.025108228900226126,0,INVALID
momentum_decay_seed_42,2005-12-02,5.685625623405427e-24,0.009694097907482054,1039271.5115405371,-0.03895930118905311,0,INVALID
momentum_decay_seed_42,2005-12-05,5.7407426348640075e-24,-0.006650617203616231,1362798.1855253885,-0.04326260438173046,0,INVALID
momentum_decay_seed_42,2005-12-06,5.7025631531350474e-24,-0.007841422934704089,1264079.5662547941,-0.040662997530476086,0,INVALID
momentum_decay_seed_42,2005-12-07,5.657846943639456e-24,-0.011337710254197284,1578622.0349385426,-0.04746381397178323,0,INVALID
momentum_decay_seed_42,2005-12-08,5.593699914329876e-24,-0.006564861068187239,1393919.6944744904,-0.047419919604764216,0,INVALID
momentum_decay_seed_42,2005-12-09,5.55697805153517e-24,0.005913207288524843,1654190.2492194315,-0.04916162441893612,0,INVALID
momentum_decay_seed_42,2005-12-12,5.58983761465168e-24,-0.005222384795425068,775688.5966214866,-0.040509148777461146,0,INVALID
momentum_decay_seed_42,2005-12-13,5.560645331684029e-24,0.010526444176155614,1215669.9224056713,-0.04741788515713863,0,INVALID
momentum_decay_seed_42,2005-12-14,5.619179154351401e-24,0.00044658280963466405,982476.4569367997,-0.03902911672329301,0,INVALID
momentum_decay_seed_42,2005-12-15,5.621688583165993e-24,0.0013179842701081996,1208751.8014929083,-0.038639695539535834,0,INVALID
momentum_decay_seed_42,2005-12-16,5.6290978802900515e-24,-0.008129740246401807,723701.5358923804,-0.04154435390769684,0,INVALID
momentum_decay_seed_42,2005-12-19,5.583334776701722e-24,0.012154824164976936,1060541.8807835642,-0.04123168456604054,0,INVALID
momentum_decay_seed_42,2005-12-20,5.651199229166733e-24,0.007795294207714503,1497797.3656827332,-0.03158990204285106,0,INVALID
momentum_decay_seed_42,2005-12-21,5.695251989784496e-24,0.0074881388598247705,1074464.8140951004,-0.03150503928245296,0,INVALID
momentum_decay_seed_42,2005-12-22,5.737898827525695e-24,-0.0015323096025821417,846463.9101210021,-0.015816626887336982,0,INVALID
momentum_decay_seed_42,2005-12-23,5.729106590053633e-24,-0.012487426107077116,813806.4803800432,-7.240718096479526e-05,0,INVALID
momentum_decay_seed_42,2005-12-26,5.65756479485077e-24,0.0018551330658474361,1086962.6565064432,-0.022800271297913288,0,INVALID
momentum_decay_seed_42,2005-12-27,5.668060330373872e-24,0.005461118308924472,1187574.6535847,-0.01001040165119238,0,INVALID
momentum_decay_seed_42,2005-12-28,5.6990142784201644e-24,0.005566166656775543,1062538.7245961125,0.0006234298593918997,0,INVALID
momentum_decay_seed_42,2005-12-29,5.730735941673194e-24,0.004128913952224006,989385.956686328,-0.001191385403729761,0,INVALID
momentum_decay_seed_42,2005-12-30,5.75439765725928e-24,0.003697059256391301,833988.1372281698,0.012095772463587062,0,INVALID
momentum_decay_seed_42,2006-01-02,5.775672006383008e-24,-0.006696814280722031,1181877.6720934731,0.0060844691602914835,0,INVALID
momentum_decay_seed_42,2006-01-03,5.736993403609896e-24,-0.0062360250962935964,1013042.343759894,0.006037679820506625,0,INVALID
momentum_decay_seed_42,2006-01-04,5.701217368767714e-24,-0.011249293551021547,876668.2169210176,0.007665535239869792,0,INVALID
momentum_decay_seed_42,2006-01-05,5.637082700988263e-24,0.010656851747200477,1372239.0259462527,0.007755651415487952,0,INVALID
momentum_decay_seed_42,2006-01-06,5.697156255619404e-24,0.01972195951943814,1143802.757771185,0.02522561773399623,0,INVALID
momentum_decay_seed_42,2006-01-09,5.8095153406686445e-24,0.030317624151106344,953790.3180023686,0.03929948258982696,0,INVALID
momentum_decay_seed_42,2006-01-10,5.9856460432671225e-24,0.002551933517560164,944705.2037679214,0.07643010590182397,1,INVALID
momentum_decay_seed_42,2006-01-11,6.000921014029187e-24,0.00372325560060305,905340.2143333576,0.06793552032989925,1,INVALID
momentum_decay_seed_42,2006-01-12,6.023263976803448e-24,-0.0011391639305308393,1232326.3591907667,0.07143323357326525,1,INVALID
momentum_decay_seed_42,2006-01-13,6.016402491737007e-24,0.0023914928463346073,1559211.0587715397,0.06880402858210721,1,INVALID
momentum_decay_seed_42,2006-01-16,6.0307906752566666e-24,-0.009089976945137175,1069960.0876619054,0.08014133424742842,1,INVALID
momentum_decay_seed_42,2006-01-17,5.975970927057635e-24,-0.001340272208093656,1110293.9150836004,0.057469518366067174,1,INVALID
momentum_decay_seed_42,2006-01-18,5.967961499307724e-24,-0.007764744081483639,858936.8011109662,0.04788365993504473,0,INVALID
momentum_decay_seed_42,2006-01-19,5.921621805577452e-24,-0.002634772501790354,1950217.38322474,0.032019208350346995,0,INVALID
momentum_decay_seed_42,2006-01-20,5.906019679278115e-24,-0.006982214597325726,694720.0257719541,0.030879699381334946,0,INVALID
momentum_decay_seed_42,2006-01-23,5.864782582461366e-24,0.00546667032616485,987190.7854806512,0.03662667510219153,0,INVALID
momentum_decay_seed_42,2006-01-24,5.8968434153743154e-24,0.006766145517765255,1148778.4155368626,0.04036355854831797,0,INVALID
momentum_decay_seed_42,2006-01-25,5.9367423160182135e-24,0.0034044044350154544,851108.9977404913,0.04171388699590173,0,INVALID
momentum_decay_seed_42,2006-01-26,5.9569533878884096e-24,-0.006196429830140117,803309.7760395233,0.039474414545990655,0,INVALID
momentum_decay_seed_42,2006-01-27,5.920041544218944e-24,-0.011883888545982695,794988.8070374732,0.02878561698820037,0,INVALID
momentum_decay_seed_42,2006-01-30,5.849688430319859e-24,0.006886117009788877,1304803.392340667,0.012815205547519248,0,INVALID
momentum_decay_seed_42,2006-01-31,5.88997006932185e-24,0.0003931306602429631,1276556.6584483613,0.026664954088267967,0,INVALID
momentum_decay_seed_42,2006-02-01,5.892285597144013e-24,-0.01761289404642545,1214341.4637569124,0.033513584207998326,0,INVALID
momentum_decay_seed_42,2006-02-02,5.788505395230237e-24,0.0017711983000503022,1240819.290409876,0.026861889788387883,0,INVALID
momentum_decay_seed_42,2006-02-03,5.798757986146101e-24,0.0038002329904861317,1169735.2019058159,0.017833762313695045,0,INVALID
momentum_decay_seed_42,2006-02-06,5.820794617548898e-24,-0.014980397753910467,781325.2296353641,0.0019415177030852604,0,INVALID
momentum_decay_seed_42,2006-02-07,5.733596798934194e-24,0.005649172812729122,836931.0900713931,-0.04210894571964252,0,INVALID
momentum_decay_seed_42,2006-02-08,5.7659868780898836e-24,-0.013679422773818629,1188298.9774445295,-0.039149679755835054,0,INVALID
momentum_decay_seed_42,2006-02-09,5.6871115058762016e-24,-0.007232356859408393,782489.4478245053,-0.055809021856226604,0,INVALID
momentum_decay_seed_42,2006-02-10,5.645980285966458e-24,-0.013620508308526522,914547.1401092196,-0.06156872088915122,0,INVALID
momentum_decay_seed_42,2006-02-13,5.5690791645716745e-24,-0.00821835296407554,700813.8744530461,-0.07655903438653866,0,INVALID
momentum_decay_seed_42,2006-02-14,5.523310506312346e-24,-0.011805943397534907,1021797.6305933262,-0.07574675751780546,0,INVALID
momentum_decay_seed_42,2006-02-15,5.458102615107812e-24,0.010585528161418153,971464.1840507792,-0.08543266980845221,0,INVALID
momentum_decay_seed_42,2006-02-16,5.515879514047946e-24,-0.0020644575841053947,722205.9479087096,-0.06851877827580033,0,INVALID
momentum_decay_seed_42,2006-02-17,5.504492214752159e-24,-0.004182683903638094,1291997.1292790377,-0.06798613725158364,0,INVALID
momentum_decay_seed_42,2006-02-20,5.481468663767814e-24,0.011634958143064738,866392.3415610113,-0.06535858973525333,0,INVALID
momentum_decay_seed_42,2006-02-21,5.545245322233274e-24,0.011044950252055678,926306.1163598895,-0.05962479726430436,0,INVALID
momentum_decay_seed_42,2006-02-22,5.606492280952785e-24,-0.0034284465290983675,1113202.8911090563,-0.05562815724279713,0,INVALID
momentum_decay_seed_42,2006-02-23,5.5872707219517356e-24,0.003204495138460378,1127409.6235094848,-0.06205901605480202,0,INVALID
momentum_decay_seed_42,2006-02-24,5.605175103817492e-24,-0.005483455378650185,1290746.4639603638,-0.053186525474458124,0,INVALID
momentum_decay_seed_42,2006-02-27,5.574439376246188e-24,-0.0006151567960463741,1010354.7599903555,-0.04705362642000066,0,INVALID
momentum_decay_seed_42,2006-02-28,5.5710102219797415e-24,-0.010251791944441757,1192482.2219008033,-0.054153050624726196,0,INVALID
momentum_decay_seed_42,2006-03-01,5.5138973842636465e-24,0.0046632877217041655,1289486.7384893917,-0.06421756152888636,0,INVALID
momentum_decay_seed_42,2006-03-02,5.5396102742344194e-24,0.012082628254805003,719476.6052956912,-0.042998166884479216,0,INVALID
momentum_decay_seed_42,2006-03-03,5.606543325854492e-24,0.010018339695494078,1748089.1379774099,-0.033147556899396635,0,INVALID
momentum_decay_seed_42,2006-03-06,5.6627115814104075e-24,0.0008537138160258811,1428673.214865821,-0.027158325714137344,0,INVALID
momentum_decay_seed_42,2006-03-07,5.667545916523627e-24,-0.01844120451167525,660091.8876537214,-0.011519973365208602,0,INVALID
momentum_decay_seed_42,2006-03-08,5.5630295431977046e-24,-0.005919788077299801,1065847.7703186062,-0.035199062915559964,0,INVALID
momentum_decay_seed_42,2006-03-09,5.530097587234217e-24,-0.0006274668396867534,795611.665507257,-0.027608728698171325,0,INVALID
momentum_decay_seed_42,2006-03-10,5.5266276343779956e-24,-0.014527575467621472,1166369.9535649947,-0.02113940282170712,0,INVALID
momentum_decay_seed_42,2006-03-13,5.4463391343381266e-24,0.015098706831203153,893848.1211748098,-0.02203955566197957,0,INVALID
momentum_decay_seed_42,2006-03-14,5.528571812230807e-24,0.008697611871649564,764279.2126051533,0.0009525638496059585,0,INVALID
momentum_decay_seed_42,2006-03-15,5.576657184058133e-24,0.005457937598499527,885872.1044908173,0.021720839146952997,0,INVALID
momentum_decay_seed_42,2006-03-16,5.607094230976946e-24,0.007412817669850216,1315651.3639578936,0.01653674934281879,0,INVALID
momentum_decay_seed_42,2006-03-17,5.648658598168848e-24,-0.01151593533407956,1255193.6965480132,0.026190678048434668,0,INVALID
momentum_decay_seed_42,2006-03-20,5.583609011028043e-24,-0.008526931146348199,1321034.2158558387,0.01863375557273006,0,INVALID
momentum_decay_seed_42,2006-03-21,5.535997961442877e-24,0.002582461869972269,1067036.7791350451,-0.0016676197810978621,0,INVALID
momentum_decay_seed_42,2006-03-22,5.550294465090548e-24,0.0033695667606019053,1128941.693792442,-0.01002370342204173,0,INVALID
momentum_decay_seed_42,2006-03-23,5.56899655283167e-24,-0.013498674122957162,809812.5364107304,-0.0032706790183386625,0,INVALID
momentum_decay_seed_42,2006-03-24,5.493822483173123e-24,0.0018583457751891555,1243695.4758167616,-0.019866037827887095,0,INVALID
momentum_decay_seed_42,2006-03-27,5.5040319049743664e-24,-0.0004473293418786798,1332882.9264755782,-0.012630412947325698,0,INVALID
momentum_decay_seed_42,2006-03-28,5.5015697900046355e-24,0.009661296810041062,703778.8609281733,-0.01246460322422982,0,INVALID
momentum_decay_seed_42,2006-03-29,5.554722088667026e-24,0.0034200345742102117,911564.7483760718,0.00740396520977904,0,INVALID
momentum_decay_seed_42,2006-03-30,5.5737194302603955e-24,0.016443017102336907,850556.1433803946,0.006157320522099274,0,INVALID
momentum_decay_seed_42,2006-03-31,5.6653681941757945e-24,-0.0033742975410617467,803208.2922786989,0.01049218117160211,0,INVALID
momentum_decay_seed_42,2006-04-03,5.646251556208977e-24,-0.010921823270869583,1027226.2162461149,-0.0029067391063082315,0,INVALID
momentum_decay_seed_42,2006-04-04,5.584584194569191e-24,0.016119104774674903,1086139.7344387455,-0.014638032611709817,0,INVALID
momentum_decay_seed_42,2006-04-05,5.6746026923244455e-24,0.003951428190317255,884603.691774771,0.02005618490075589,0,INVALID
momentum_decay_seed_42,2006-04-06,5.6970254773717465e-24,-0.0003892920048484066,502902.55941275635,0.030185342573857854,0,INVALID
momentum_decay_seed_42,2006-04-07,5.694807670901988e-24,-0.00818497602410385,924723.4385911889,0.030430860852256547,0,INVALID
momentum_decay_seed_42,2006-04-10,5.6481958066537725e-24,-0.003262436816238282,1310439.5527807395,0.03706281730474292,0,INVALID
momentum_decay_seed_42,2006-04-11,5.6297689247088226e-24,-0.0037719287478907115,956600.5509659268,0.01830438599967854,0,INVALID
momentum_decay_seed_42,2006-04-12,5.608533837457732e-24,-0.011319864400769611,619276.1593267799,0.00571608624082609,0,INVALID
momentum_decay_seed_42,2006-04-13,5.5450459949305825e-24,-0.02109950646879972,1271596.721152529,-0.01106602341433327,0,INVALID
momentum_decay_seed_42,2006-04-14,5.428048261090753e-24,-0.0039972005628976385,825654.5300808637,-0.039055349733760014,0,INVALID
momentum_decay_seed_42,2006-04-17,5.406351263526085e-24,0.00768603765496369,1546362.6052695697,-0.03174608880239649,0,INVALID
momentum_decay_seed_42,2006-04-18,5.4479046829135066e-24,0.01304513697115551,869973.4093524675,-0.015912809062236466,0,INVALID
momentum_decay_seed_42,2006-04-19,5.5189733457079125e-24,0.010090998037340055,830997.115605177,-0.005643145526716631,0,INVALID
momentum_decay_seed_42,2006-04-20,5.574665294907583e-24,0.010732578317891572,711970.1365619563,0.0010179108609846832,0,INVALID
momentum_decay_seed_42,2006-04-21,5.634495826781211e-24,-0.010285042409412698,903450.9933045661,0.025605731535547793,0,INVALID
momentum_decay_seed_42,2006-04-24,5.576544798247107e-24,0.0027734417972021487,947161.2712835004,0.013174504531342945,0,INVALID
momentum_decay_seed_42,2006-04-25,5.592011020674535e-24,0.005539535059953238,883656.2869401888,0.016439168114201763,0,INVALID
momentum_decay_seed_42,2006-04-26,5.6229881617792065e-24,0.00620372393931358,864375.0913187145,0.01228973691617452,0,INVALID
momentum_decay_seed_42,2006-04-27,5.657871628048913e-24,-0.0006092305470793502,1116898.3525117333,0.015098032622820057,0,INVALID
momentum_decay_seed_42,2006-04-28,5.6544246798216516e-24,0.0015154079576526617,895524.608131746,-0.0019316510382137997,0,INVALID
momentum_decay_seed_42,2006-05-01,5.662993439977401e-24,0.020617991527316085,1147474.4945781839,0.0029651324603157114,0,INVALID
momentum_decay_seed_42,2006-05-02,5.779752990742102e-24,0.009759899498158413,1264725.5036228583,0.034947775765061584,0,INVALID
momentum_decay_seed_42,2006-05-03,5.8361627990559264e-24,0.005159584767678442,2164367.235406319,0.028470734515036566,0,INVALID
momentum_decay_seed_42,2006-05-04,5.866274975735627e-24,0.0070401507432165415,1128806.4976979229,0.029708397660521246,0,INVALID
momentum_decay_seed_42,2006-05-05,5.907574435865965e-24,-0.004439016364187562,777057.06048201,0.03736153655392482,0,INVALID
momentum_decay_seed_42,2006-05-08,5.8813506162724996e-24,0.006476139772195617,881136.8619740482,0.04127951962006393,0,INVALID
momentum_decay_seed_42,2006-05-09,5.919439064912768e-24,0.001382234254743028,957390.7721143455,0.05145329125900622,1,INVALID
momentum_decay_seed_42,2006-05-10,5.927621116357154e-24,0.008631507387041389,1312408.0488850398,0.05689317175343267,1,INVALID
momentum_decay_seed_42,2006-05-11,5.978785421810573e-24,-0.006699950968782224,960376.1476814891,0.07822106927093575,1,INVALID
momentum_decay_seed_42,2006-05-12,5.9387278526315726e-24,0.007738911809098658,1328192.0849992954,0.09408162326069669,1,INVALID
momentum_decay_seed_42,2006-05-15,5.9846871437413265e-24,-0.003131539389082808,669272.3479743589,0.10697341922952375,1,INVALID
momentum_decay_seed_42,2006-05-16,5.9659458602193626e-24,0.007788297171210314,1042246.9021514241,0.09508998550040904,1,INVALID
momentum_decay_seed_42,2006-05-17,6.0124104194861026e-24,0.002839060011754735,1255489.2958025888,0.0894074029478571,1,INVALID
momentum_decay_seed_42,2006-05-18,6.029480013482323e-24,0.0006413680237815363,1157557.1539706422,0.08158601360160755,1,INVALID
momentum_decay_seed_42,2006-05-19,6.033347129163e-24,-0.00261264391041254,844962.5923229826,0.07078739866768857,1,INVALID
momentum_decay_seed_42,2006-05-22,6.0175841415265875e-24,-0.00034679250018589873,1004759.0853049151,0.07908828122713452,1,INVALID
momentum_decay_seed_42,2006-05-23,6.0154972884770685e-24,-0.003974833349294312,624132.1051109579,0.0757305853362662,1,INVALID
momentum_decay_seed_42,2006-05-24,5.9915866892422405e-24,-0.00281369991905701,1014150.5983990065,0.06555207246717787,1,INVALID
momentum_decay_seed_42,2006-05-25,5.974728162259697e-24,0.004879913708045874,940159.301046564,0.05600277896726502,1,INVALID
momentum_decay_seed_42,2006-05-26,6.003884320120556e-24,-0.016280422139512113,763578.5357869756,0.06180286414389502,1,INVALID
momentum_decay_seed_42,2006-05-29,5.906138548912196e-24,0.007641144055017896,916638.1856162203,0.04293579208803844,0,INVALID
momentum_decay_seed_42,2006-05-30,5.951268204373329e-24,0.0078212823909474,1524838.129555174,0.02967518056670526,0,INVALID
momentum_decay_seed_42,2006-05-31,5.997814753583999e-24,-0.0023236723937677117,692763.9627052756,0.027698328524047078,0,INVALID
momentum_decay_seed_42,2006-06-01,5.983877797018163e-24,0.001775911169235922,1066261.4893818717,0.020047273912145336,0,INVALID
momentum_decay_seed_42,2006-06-02,5.994504632433231e-24,-0.009170489464607608,1144337.810464178,0.01471504041311733,0,INVALID
momentum_decay_seed_42,2006-06-05,5.9395320908559605e-24,0.00420322829776129,1016368.2882290797,0.009892536320226242,0,INVALID
momentum_decay_seed_42,2006-06-06,5.9644973002157075e-24,-0.00805718166612792,1229266.6085286194,0.007611909643604697,0,INVALID
momentum_decay_seed_42,2006-06-07,5.91644026192074e-24,-0.027038176800733404,917328.8859160685,-0.0018862296049186877,0,INVALID
momentum_decay_seed_42,2006-06-08,5.7564705040879496e-24,-0.005244148929710431,856102.2218728182,-0.037183959958091095,0,INVALID
momentum_decay_seed_42,2006-06-09,5.726282715455027e-24,0.001656121502326517,774996.9950106961,-0.035772835942028736,0,INVALID
momentum_decay_seed_42,2006-06-12,5.7357661353884926e-24,-0.022592138775776115,986110.9966861588,-0.04159298596137151,0,INVALID
momentum_decay_seed_42,2006-06-13,5.606182910872399e-24,-0.009283241307890275,1055354.7774335153,-0.06030275127802376,0,INVALID
momentum_decay_seed_42,2006-06-14,5.5541393620946e-24,-0.012818512477286655,1129101.5633453638,-0.07622085410308244,0,INVALID
momentum_decay_seed_42,2006-06-15,5.482943557381001e-24,-0.002831633288865059,1007529.8423844494,-0.09064404474004872,0,INVALID
momentum_decay_seed_42,2006-06-16,5.467417871882953e-24,0.0012469727765134686,1078720.3432207368,-0.09380021489971158,0,INVALID
momentum_decay_seed_42,2006-06-19,5.474235593127014e-24,-0.015362723140442448,938201.0220122284,-0.09029346920967729,0,INVALID
momentum_decay_seed_42,2006-06-20,5.390136427304248e-24,-0.0058388693909221905,691216.6378176453,-0.10395829823923697,0,INVALID
momentum_decay_seed_42,2006-06-21,5.3586641247059665e-24,-0.00608247947199117,997932.1699300726,-0.10563521774168305,0,INVALID
momentum_decay_seed_42,2006-06-22,5.326070160170147e-24,-0.0027922091921168367,1169180.3907979254,-0.10856694806416456,0,INVALID
momentum_decay_seed_42,2006-06-23,5.311198658111061e-24,-0.0027809629298790935,785642.6912507717,-0.11537291944285599,0,INVALID
momentum_decay_seed_42,2006-06-26,5.2964284115296305e-24,0.0032488471882458443,1058089.5377188656,-0.10323329402674841,0,INVALID
momentum_decay_seed_42,2006-06-27,5.3136356980821745e-24,-0.006689093400034194,1599345.9797100546,-0.10714229041510615,0,INVALID
momentum_decay_seed_42,2006-06-28,5.278092292603947e-24,0.004261239468194264,981798.0285088812,-0.11999744749535346,0,INVALID
momentum_decay_seed_42,2006-06-29,5.300583507797962e-24,-0.005006181459886532,994161.3716277842,-0.11418921181189468,0,INVALID
momentum_decay_seed_42,2006-06-30,5.274047824914644e-24,-0.005108345590530155,678877.6941486627,-0.12018621248877848,0,INVALID
momentum_decay_seed_42,2006-07-03,5.247106165963996e-24,-0.017266066811237785,764582.3031863712,-0.11657920427064783,0,INVALID
momentum_decay_seed_42,2006-07-04,5.1565092803368035e-24,-0.010470917207664545,819615.6972932296,-0.13546623951857317,0,INVALID
momentum_decay_seed_42,2006-07-05,5.102515898581843e-24,0.006010918374142938,1157134.4374550984,-0.1375699453229433,0,INVALID
momentum_decay_seed_42,2006-07-06,5.133186705150985e-24,-0.0026022863056312114,797742.1752505118,-0.10827533963638658,0,INVALID
momentum_decay_seed_42,2006-07-07,5.119828683683923e-24,-0.004943399501826941,628411.1272228967,-0.10590710621644772,0,INVALID
momentum_decay_seed_42,2006-07-10,5.09451932511956e-24,0.008249378896141028,1104889.660436821,-0.11179793512022251,0,INVALID
momentum_decay_seed_42,2006-07-11,5.136545945326185e-24,0.010518548605275197,836723.3653894044,-0.0837712527422928,0,INVALID
momentum_decay_seed_42,2006-07-12,5.1905749535153274e-24,-0.012476277991437926,684598.3381407773,-0.06545827983008401,0,INVALID
momentum_decay_seed_42,2006-07-13,5.125815897459875e-24,0.016711212285632472,1194127.1097836252,-0.0651342944138773,0,INVALID
momentum_decay_seed_42,2006-07-14,5.211474495059397e-24,-0.00040342386534012424,1131289.346706257,-0.04681247763039742,0,INVALID
momentum_decay_seed_42,2006-07-17,5.209372061874479e-24,-0.020224470560434794,577644.9129029396,-0.048383655899843836,0,INVALID
momentum_decay_seed_42,2006-07-18,5.104015269970748e-24,-0.0035806266957117455,1032881.4122987341,-0.05308235908169723,0,INVALID
momentum_decay_seed_42,2006-07-19,5.08573969663977e-24,0.0006553258083005072,758464.8706247325,-0.050931430243572495,0,INVALID
momentum_decay_seed_42,2006-07-20,5.089072513117276e-24,0.009444158685402727,1029201.0708332402,-0.04449765773369008,0,INVALID
momentum_decay_seed_42,2006-07-21,5.137134521492677e-24,0.012283943683343845,1034740.3966399834,-0.032773041986023155,0,INVALID
momentum_decay_seed_42,2006-07-24,5.2002387926484554e-24,-0.001153349948073361,1002000.5057341061,-0.018161223263545412,0,INVALID
momentum_decay_seed_42,2006-07-25,5.194241097506985e-24,-0.009784408800414346,1304836.8927461582,-0.022469474265667477,0,INVALID
momentum_decay_seed_42,2006-07-26,5.143418519201064e-24,0.0037525747816673583,2021039.2580941992,-0.025515615479402953,0,INVALID
momentum_decay_seed_42,2006-07-27,5.162719581827779e-24,0.005250959739725975,1099886.852565247,-0.026009198000062517,0,INVALID
momentum_decay_seed_42,2006-07-28,5.189828814499451e-24,0.007925074116726067,1598849.1973963534,-0.015968571619191962,0,INVALID
momentum_decay_seed_42,2006-07-31,5.2309585925074796e-24,0.014034703847675044,669473.3002698106,-0.0030774245738077743,0,INVALID
momentum_decay_seed_42,2006-08-01,5.3043735471927735e-24,0.0010715507283932347,918306.4276646365,0.028675264373093867,0,INVALID
momentum_decay_seed_42,2006-08-02,5.3100574525309375e-24,0.005262020181238957,726284.4815506062,0.04067435713561962,0,INVALID
momentum_decay_seed_42,2006-08-03,5.3379990820096936e-24,0.0010016963799347376,849724.0982209701,0.03989965466348333,0,INVALID
momentum_decay_seed_42,2006-08-04,5.343346136366237e-24,0.01925012801735852,931438.8374827389,0.04365721325688665,0,INVALID
momentum_decay_seed_42,2006-08-07,5.446206233532345e-24,0.00046513170214741386,1641425.5056221087,0.06903240246409936,1,INVALID
momentum_decay_seed_42,2006-08-08,5.4487394367079935e-24,-0.003734429663495151,1016123.0233925034,0.06077887644826352,1,INVALID
momentum_decay_seed_42,2006-08-09,5.4283915025268955e-24,-0.0032891987033337716,1318509.0265669308,0.045816995446815945,0,INVALID
momentum_decay_seed_42,2006-08-10,5.410536444235596e-24,0.009785928636649645,900023.5776055903,0.05554638568209502,1,INVALID
momentum_decay_seed_42,2006-08-11,5.463483567764878e-24,-0.00037755034448530583,874087.5175622324,0.048356577959729474,0,INVALID
momentum_decay_seed_42,2006-08-14,5.461420827661779e-24,0.00704190345123167,673459.31358129,0.04838371358267035,0,INVALID
momentum_decay_seed_42,2006-08-15,5.499879625836719e-24,0.00721225372799792,1624527.0622323037,0.0775593988119554,1,INVALID
momentum_decay_seed_42,2006-08-16,5.5395461531717e-24,-0.008461021361773308,1441162.0854019604,0.08923116077524895,1,INVALID
momentum_decay_seed_42,2006-08-17,5.492675934835185e-24,-0.009431599243693896,1060861.2418128194,0.07930785436395449,1,INVALID
momentum_decay_seed_42,2006-08-18,5.4408712166423375e-24,0.007722114773525048,944649.4370525072,0.05912570400461403,1,INVALID
momentum_decay_seed_42,2006-08-21,5.482886248645219e-24,-0.014126410226012217,1025781.9022808523,0.054352784029137347,1,INVALID
momentum_decay_seed_42,2006-08-22,5.405432748274295e-24,-0.013811639314907738,719817.7123025242,0.04065880786101239,0,INVALID
momentum_decay_seed_42,2006-08-23,5.3307748608141404e-24,0.02063894535656668,1130729.6671596563,0.03642642357678083,0,INVALID
momentum_decay_seed_42,2006-08-24,5.440796431874643e-24,-0.018959851991460643,1405811.281928204,0.05386247415522338,1,INVALID
momentum_decay_seed_42,2006-08-25,5.337639736810632e-24,0.009364004170146472,1426564.326395178,0.02848088590094222,0,INVALID
momentum_decay_seed_42,2006-08-28,5.3876214175648664e-24,-0.003032016167104975,679549.6454099444,0.0299491617620109,0,INVALID
momentum_decay_seed_42,2006-08-29,5.371286062324568e-24,0.005504335109347854,1315057.778745464,0.012614593323128087,0,INVALID
momentum_decay_seed_42,2006-08-30,5.400851420779772e-24,0.006107421557961942,720886.363926711,0.017098490752780693,0,INVALID
momentum_decay_seed_42,2006-08-31,5.433836697178392e-24,-0.002228221757572114,586035.3605324202,0.01795384631887509,0,INVALID
momentum_decay_seed_42,2006-09-01,5.421728904022646e-24,0.00018394215571319834,1329082.9489590265,0.014669228916866173,0,INVALID
momentum_decay_seed_42,2006-09-04,5.4227261885249444e-24,0.008893462537723492,882731.3359343656,-0.004311266228376298,0,INVALID
momentum_decay_seed_42,2006-09-05,5.470953000734923e-24,0.013100396928669503,1275946.1141892225,0.004076826261369293,0,INVALID
momentum_decay_seed_42,2006-09-06,5.5426246566226466e-24,0.010813747939371466,1244315.5343265738,0.021043646915034797,0,INVALID
momentum_decay_seed_42,2006-09-07,5.602561202581909e-24,0.0026552864911647193,1201087.191274947,0.035490890843346445,0,INVALID
momentum_decay_seed_42,2006-09-08,5.617437607659048e-24,-0.00237259719097402,1022629.4986285168,0.028178732119286565,0,INVALID
momentum_decay_seed_42,2006-09-11,5.604109690970644e-24,-0.009553115088198087,738531.0942708397,0.026126692633930304,0,INVALID
momentum_decay_seed_42,2006-09-12,5.550572986125915e-24,0.002414521596024293,931924.3655026224,0.00921717632710628,0,INVALID
momentum_decay_seed_42,2006-09-13,5.563974964471225e-24,-0.0004179722787551253,1433620.6242943252,0.0044098939920445,0,INVALID
momentum_decay_seed_42,2006-09-14,5.5616493771763886e-24,0.010793156564321208,1285141.8131930276,0.012557347850028044,0,INVALID
momentum_decay_seed_42,2006-09-15,5.621677129660112e-24,0.005946902113701838,943780.4637948078,0.03323105911140334,0,INVALID
momentum_decay_seed_42,2006-09-18,5.6551086932650365e-24,0.013221358940784769,940934.2536534832,0.03141090965773219,0,INVALID
momentum_decay_seed_42,2006-09-19,5.729876915147846e-24,-0.011904837546883554,1172292.032455939,0.06002186725514824,1,INVALID
momentum_decay_seed_42,2006-09-20,5.6616636613093725e-24,0.0164811216182388,1041207.5684063819,0.06207142660020293,1,INVALID
momentum_decay_seed_42,2006-09-21,5.7549742286729755e-24,0.004477150300950681,955703.3106206137,0.05774481746049842,1,INVALID
momentum_decay_seed_42,2006-09-22,5.780740113272842e-24,-0.010366228991646005,1146220.1575934896,0.08301429064355936,1,INVALID
momentum_decay_seed_42,2006-09-25,5.720815637517462e-24,-0.013938351520346257,1136185.9409328012,0.06184440110552436,1,INVALID
momentum_decay_seed_42,2006-09-26,5.64107689817865e-24,0.01075722967494192,855211.881094728,0.05022834991911096,1,INVALID
momentum_decay_seed_42,2006-09-27,5.701759257986366e-24,-0.00304477807746527,1093287.347442184,0.05571488896155352,1,INVALID
momentum_decay_seed_42,2006-09-28,5.6843986663946645e-24,-0.0006009224775513145,1118082.6015379252,0.04611142792465239,0,INVALID
momentum_decay_seed_42,2006-09-29,5.680982783464665e-24,0.006568185267201376,1003149.5751097739,0.04781756595200948,0,INVALID
momentum_decay_seed_42,2006-10-02,5.718296530886242e-24,0.00040336405554690694,833733.1138883459,0.05450585777071981,1,INVALID
momentum_decay_seed_42,2006-10-03,5.7206030861657604e-24,-0.015856033746002557,924902.4110049552,0.0456319192282042,0,INVALID
momentum_decay_seed_42,2006-10-04,5.62989701058403e-24,0.015682064470638322,794443.0792468447,0.015745672739557737,0,INVALID
momentum_decay_seed_42,2006-10-05,5.718185418467063e-24,-0.013235883014013891,1100958.1307633778,0.020637742579566742,0,INVALID
momentum_decay_seed_42,2006-10-06,5.642500185215793e-24,-0.0011216390011058394,680390.3550570232,0.004461567587786597,0,INVALID
momentum_decay_seed_42,2006-10-09,5.636171336944308e-24,-0.0018675813480435264,1477418.980548048,0.00572109536423282,0,INVALID
momentum_decay_seed_42,2006-10-10,5.625645328481053e-24,0.0035193077081865742,1386454.6653486623,0.01352515182536762,0,INVALID
momentum_decay_seed_42,2006-10-11,5.6454437054491e-24,-0.013357205093045695,1125033.2766478641,0.01464218324095512,0,INVALID
momentum_decay_seed_42,2006-10-12,5.570036356034172e-24,-0.0033493203727360723,1264125.691725903,0.00150800208517321,0,INVALID
momentum_decay_seed_42,2006-10-13,5.551380519790027e-24,-0.008141699819861131,1240820.8214470586,-0.012504561939211789,0,INVALID
momentum_decay_seed_42,2006-10-16,5.506182846012072e-24,0.003520029539376315,1045256.5282577653,-0.026334745330417464,0,INVALID
momentum_decay_seed_42,2006-10-17,5.525564772279241e-24,0.004045451930861567,962223.6902067955,-0.03565733538332605,0,INVALID
momentum_decay_seed_42,2006-10-18,5.547918178956358e-24,-0.006490597530412794,935570.0383332176,-0.020090469720115522,0,INVALID
momentum_decay_seed_42,2006-10-19,5.511908874925092e-24,0.010489528663614424,1493871.1614835318,-0.04223569803959515,0,INVALID
momentum_decay_seed_42,2006-10-20,5.569726201059849e-24,0.005684443055946129,826780.3760625272,-0.03650292316869519,0,INVALID
momentum_decay_seed_42,2006-10-23,5.601386992486985e-24,-0.011846846436623242,830547.8682879916,-0.02087615693245848,0,INVALID
momentum_decay_seed_42,2006-10-24,5.5350282209548925e-24,-0.017040996256474056,1294924.4586350918,-0.01879936741475685,0,INVALID
momentum_decay_seed_42,2006-10-25,5.440705825762122e-24,-0.002527223125730585,1260759.072918451,-0.04578471668346751,0,INVALID
momentum_decay_seed_42,2006-10-26,5.426955948178959e-24,0.004097512196232897,948487.516718981,-0.04528934955559494,0,INVALID
momentum_decay_seed_42,2006-10-27,5.449192966365041e-24,-0.008263431768289083,1156386.090717704,-0.04080100678605869,0,INVALID
momentum_decay_seed_42,2006-10-30,5.404163932095243e-24,0.001133705380252234,1196536.8214436609,-0.054934646549767874,0,INVALID
momentum_decay_seed_42,2006-10-31,5.410290661820824e-24,-0.0016987448357973919,730509.0214197852,-0.054244704565392876,0,INVALID
momentum_decay_seed_42,2006-11-01,5.4010999584988935e-24,0.016765947982456966,1412441.4811271522,-0.04063965142790449,0,INVALID
momentum_decay_seed_42,2006-11-02,5.491654519451136e-24,-0.011903434881683701,1196424.007955232,-0.03961587154630175,0,INVALID
momentum_decay_seed_42,2006-11-03,5.426284967486146e-24,0.008508609038591929,1130490.631447493,-0.03831904486173776,0,INVALID
momentum_decay_seed_42,2006-11-06,5.472455104806474e-24,0.007849542886879182,1198927.0068433208,-0.029047419311882372,0,INVALID
momentum_decay_seed_42,2006-11-07,5.5154113758481736e-24,-0.000724123388305437,1095067.242229578,-0.019594899108693498,0,INVALID
momentum_decay_seed_42,2006-11-08,5.511417537474796e-24,-0.018979355185014965,858909.3656976047,-0.02374059063682432,0,INVALID
momentum_decay_seed_42,2006-11-09,5.406814386458142e-24,0.0018605284365218854,1088619.5673911416,-0.029303573467560518,0,INVALID
momentum_decay_seed_42,2006-11-10,5.416873918375143e-24,-0.013375436932928942,1149576.898932195,-0.024229396802360026,0,INVALID
momentum_decay_seed_42,2006-11-13,5.344420862906288e-24,0.02054545094620777,1174983.5791755987,-0.02937824399037936,0,INVALID
momentum_decay_seed_42,2006-11-14,5.454224399581018e-24,-0.0006166531920654083,1019806.1219344338,-0.012910964876590492,0,INVALID
momentum_decay_seed_42,2006-11-15,5.450861034694775e-24,0.02032337024710338,1080312.7569929976,-0.01749433591679983,0,INVALID
momentum_decay_seed_42,2006-11-16,5.561640901668385e-24,0.0020320693339390497,774210.1424066563,0.009022650386971254,0,INVALID
momentum_decay_seed_42,2006-11-17,5.572942541591047e-24,-0.00547004720844995,818800.8758058088,0.0005774683377768319,0,INVALID
momentum_decay_seed_42,2006-11-20,5.542458282798565e-24,0.013473232416135588,987678.9563843467,-0.010520378214799342,0,INVALID
momentum_decay_seed_42,2006-11-21,5.617133111399445e-24,0.004481421446267063,1568700.6263696826,0.014833689579705212,0,INVALID
momentum_decay_seed_42,2006-11-22,5.642305852191407e-24,0.024927388666385185,910147.4307724613,0.03705402072552699,0,INVALID
momentum_decay_seed_42,2006-11-23,5.782953803143602e-24,-0.005711359143597374,898625.756054616,0.06559807346217728,1,INVALID
momentum_decay_seed_42,2006-11-24,5.749925277063017e-24,0.013960915692447435,641634.9433120725,0.05518841277125541,1,INVALID
momentum_decay_seed_42,2006-11-27,5.830199499093966e-24,0.02417805536116446,1273872.4037512601,0.07883468605911537,1,INVALID
momentum_decay_seed_42,2006-11-28,5.9711623853496926e-24,0.014581708074791096,706536.2011417792,0.10366757695419415,1,INVALID
momentum_decay_seed_42,2006-11-29,6.0582321321200355e-24,0.008061002168001364,1017688.5004374048,0.12166636031001654,1,INVALID
momentum_decay_seed_42,2006-11-30,6.107067554471311e-24,0.014680818226652972,662361.1782942724,0.11206331950424331,1,INVALID
momentum_decay_seed_42,2006-12-01,6.196724303136394e-24,-0.00038910034786217523,1217292.570109839,0.14198283729414474,1,INVALID
momentum_decay_seed_42,2006-12-04,6.1943131555544374e-24,-0.007654953010422492,1175011.7786340455,0.1319075327112238,1,INVALID
momentum_decay_seed_42,2006-12-05,6.146895979416826e-24,-0.0046344461362539625,865143.3861992795,0.11449456088332877,1,INVALID
momentum_decay_seed_42,2006-12-06,6.1184085210950624e-24,0.008617584942033671,629278.1152312347,0.11013336940869389,1,INVALID
momentum_decay_seed_42,2006-12-07,6.171134426235661e-24,-0.007013441497638416,1347024.927970816,0.1413623596348763,1,INVALID
momentum_decay_seed_42,2006-12-08,6.127853535963195e-24,-0.002655404746292363,1090952.048478391,0.1312527535810395,1,INVALID
momentum_decay_seed_42,2006-12-11,6.111581604599214e-24,-0.006275772412110292,1085530.1558086479,0.1435442232885351,1,INVALID
momentum_decay_seed_42,2006-12-12,6.073226709370709e-24,0.010520748860237426,801831.9040577338,0.11349043685060733,1,INVALID
momentum_decay_seed_42,2006-12-13,6.137121602351284e-24,0.020221089508534757,984159.1607490169,0.1258994796030306,1,INVALID
momentum_decay_seed_42,2006-12-14,6.261220887597192e-24,-0.009260780403504922,1011644.7697379697,0.12578661555062753,1,INVALID
momentum_decay_seed_42,2006-12-15,6.203237095899316e-24,0.006308001641460198,1358981.088206019,0.11309905846047408,1,INVALID
momentum_decay_seed_42,2006-12-18,6.242367125682616e-24,0.011906006788679186,1199276.2093243843,0.12628130103500657,1,INVALID
momentum_decay_seed_42,2006-12-19,6.316688791058421e-24,-0.0012725330898528755,849422.0741895312,0.12453963005421631,1,INVALID
momentum_decay_seed_42,2006-12-20,6.308650595553496e-24,-0.012907465369156185,958043.1522993266,0.11809794804074447,1,INVALID
momentum_decay_seed_42,2006-12-21,6.227221906465283e-24,0.013363794578768242,936226.7874774456,0.07682373376044915,1,INVALID
momentum_decay_seed_42,2006-12-22,6.310441220819691e-24,-0.013460613278449877,1061130.1569447017,0.09748230050790818,1,INVALID
momentum_decay_seed_42,2006-12-25,6.225498811929849e-24,0.016647760587482713,677761.4796146699,0.06780202167992955,1,INVALID
momentum_decay_seed_42,2006-12-26,6.329139425688514e-24,-0.006474102057016174,977673.2621348251,0.05995098060255777,1,INVALID
momentum_decay_seed_42,2006-12-27,6.2881639311135226e-24,-0.014773077543173321,933795.3825768314,0.03795361319590507,0,INVALID
momentum_decay_seed_42,2006-12-28,6.1952683977549965e-24,-0.003930529375860296,1427284.6419411479,0.014442421423537244,0,INVALID
momentum_decay_seed_42,2006-12-29,6.170917713326282e-24,0.0005165171444731515,1407549.6868978182,-0.0041645534878888,0,INVALID
momentum_decay_seed_42,2007-01-01,6.1741050981223484e-24,0.002566944990430854,1429583.286328201,-0.003262356442855774,0,INVALID
momentum_decay_seed_42,2007-01-02,6.189953686274367e-24,0.007190930460883368,1237766.029533027,0.007004788596020051,0,INVALID
momentum_decay_seed_42,2007-01-03,6.2344652127884536e-24,0.003479344771827106,1168619.0663609507,0.018968444374587,0,INVALID
momentum_decay_seed_42,2007-01-04,6.256157066731707e-24,0.019154346915728603,943449.2742226076,0.013777473414707142,0,INVALID
momentum_decay_seed_42,2007-01-05,6.3759896695471736e-24,4.307642343159692e-05,797132.5951011542,0.04049315671918641,0,INVALID
momentum_decay_seed_42,2007-01-08,6.3762643243779746e-24,0.004024407533435215,1003728.4020648932,0.043308383476312606,0,INVALID
momentum_decay_seed_42,2007-01-09,6.4019250105601755e-24,0.003147463055895878,898194.9313413495,0.05412251459052242,1,INVALID
momentum_decay_seed_42,2007-01-10,6.422074833017529e-24,-0.01581952517437899,958667.8194722396,0.046431087589509756,0,INVALID
momentum_decay_seed_42,2007-01-11,6.3204806585248624e-24,-0.011005653330301518,1002390.9252782819,0.009464571206081684,0,INVALID
momentum_decay_seed_42,2007-01-12,6.250919639516262e-24,0.0013687332068938495,648173.7793251566,0.0076867195110865705,0,INVALID
momentum_decay_seed_42,2007-01-15,6.259475480800493e-24,0.005266980421045764,1129721.1535528041,0.0027406839061880905,0,INVALID
momentum_decay_seed_42,2007-01-16,6.2924440156038846e-24,-0.019325890209406105,1152337.7173748775,-0.003838209583612251,0,INVALID
momentum_decay_seed_42,2007-01-17,6.170836933409489e-24,0.01973521436813671,711589.3909866737,-0.021845188611514077,0,INVALID
momentum_decay_seed_42,2007-01-18,6.29261972312114e-24,0.006108410311366891,769663.2557243652,0.010501924877281077,0,INVALID
momentum_decay_seed_42,2007-01-19,6.331057626323364e-24,0.0007967273926756446,842202.8279757828,0.0032670307482864924,0,INVALID
momentum_decay_seed_42,2007-01-22,6.336101753358864e-24,0.005615411546196448,853582.0988523086,0.017766117185191277,0,INVALID
momentum_decay_seed_42,2007-01-23,6.37168157230255e-24,-0.004482897736442336,1034784.8485687412,0.006721632081822637,0,INVALID
momentum_decay_seed_42,2007-01-24,6.343117975404744e-24,0.0026777419749251107,769093.269634542,0.00873928302334992,0,INVALID
momentum_decay_seed_42,2007-01-25,6.3601032086593875e-24,0.0042748104212083846,738466.382214358,0.026606564933348675,0,INVALID
momentum_decay_seed_42,2007-01-26,6.387291444135726e-24,0.01350170051262012,1928266.142272166,0.035063460713821826,0,INVALID
momentum_decay_seed_42,2007-01-29,6.473530740301267e-24,-0.0008560729774114767,1196722.980601781,0.048497010889882564,0,INVALID
momentum_decay_seed_42,2007-01-30,6.4679889255660525e-24,-0.013222863959001843,615889.2277188195,0.0449171760215592,0,INVALID
momentum_decay_seed_42,2007-01-31,6.382463587914962e-24,-0.007897560801247799,1378089.6300111446,0.023738744234698128,0,INVALID
momentum_decay_seed_42,2007-02-01,6.332057693667653e-24,-0.0016565047568402145,839613.9933055153,0.012132148558028133,0,INVALID
momentum_decay_seed_42,2007-02-02,6.321568609977506e-24,-0.012267687345516363,766813.5748564774,-0.008535311753968378,0,INVALID
momentum_decay_seed_42,2007-02-05,6.2440175827370725e-24,-0.008915294546720362,987460.7614909566,-0.020740473561500772,0,INVALID
momentum_decay_seed_42,2007-02-06,6.188350326832071e-24,-0.00781191026147006,830892.6742914999,-0.033361009911207384,0,INVALID
momentum_decay_seed_42,2007-02-07,6.14000748941232e-24,-0.002321256904953573,1139500.5512389722,-0.043921528624211725,0,INVALID
momentum_decay_seed_42,2007-02-08,6.125754954631055e-24,0.005969458973088833,956338.8415379147,-0.03080868598674802,0,INVALID
momentum_decay_seed_42,2007-02-09,6.1623223975119204e-24,-0.0027825376845717286,965113.1775757966,-0.014173473202928166,0,INVALID
momentum_decay_seed_42,2007-02-12,6.1451755032163634e-24,0.00668197843557631,1124808.2637315565,-0.01826031237516923,0,INVALID
momentum_decay_seed_42,2007-02-13,6.186237433411687e-24,0.0008060777562052161,963899.3728049925,-0.01687843100849662,0,INVALID
momentum_decay_seed_42,2007-02-14,6.191224021801363e-24,-0.008606830431645255,822466.4746861503,0.003303780121217681,0,INVALID
momentum_decay_seed_42,2007-02-15,6.13793720648139e-24,0.004449420625446217,1212018.1654037586,-0.024581577061044357,0,INVALID
momentum_decay_seed_42,2007-02-16,6.165247470885602e-24,0.0028085434872552224,1120555.5729624764,-0.026189961492113834,0,INVALID
momentum_decay_seed_42,2007-02-19,6.182562836517274e-24,0.006964118908227693,1011617.7872608671,-0.02423239443088121,0,INVALID
momentum_decay_seed_42,2007-02-20,6.2256189392683694e-24,0.009112280051906476,1263362.9712655458,-0.02292371823305006,0,INVALID
momentum_decay_seed_42,2007-02-21,6.282348522539436e-24,0.013869927299088381,975120.2531880472,-0.00958037562929459,0,INVALID
momentum_decay_seed_42,2007-02-22,6.3694842398145926e-24,0.006323761925657985,1058777.743265062,0.0014749809629555077,0,INVALID
momentum_decay_seed_42,2007-02-23,6.409763341736411e-24,0.002470067074841741,1073068.147385515,0.003518220171605968,0,INVALID
momentum_decay_seed_42,2007-02-26,6.4255958871243606e-24,0.007013508383448261,831987.3874734247,-0.007404746358658065,0,INVALID
momentum_decay_seed_42,2007-02-27,6.470661857747357e-24,-0.0037479507479008327,2036685.2293620447,0.00041325552842863544,0,INVALID
momentum_decay_seed_42,2007-02-28,6.4464101357982e-24,-0.0044620526434726235,1017907.122658102,0.010019101088852178,0,INVALID
momentum_decay_seed_42,2007-03-01,6.417645914410852e-24,0.01544449478118673,885143.9645548132,0.013516652071694057,0,INVALID
momentum_decay_seed_42,2007-03-02,6.516763213243475e-24,-0.004740804733663613,845148.6462010086,0.030877558294295282,0,INVALID
momentum_decay_seed_42,2007-03-05,6.4858685113539654e-24,-0.007576117245422473,672419.2790029631,0.03873322350749642,0,INVALID
momentum_decay_seed_42,2007-03-06,6.436730811073554e-24,0.0063180469921192885,652398.3265941507,0.040136784623283184,0,INVALID
momentum_decay_seed_42,2007-03-07,6.477398378813539e-24,-0.0036667879365052214,2013600.2831531707,0.054949589228190376,1,INVALID
momentum_decay_seed_42,2007-03-08,6.453647132578167e-24,0.008999996644297332,659225.5887548747,0.05352681920441915,1,INVALID
momentum_decay_seed_42,2007-03-09,6.5117299351148494e-24,0.012993469305535403,833825.4094440183,0.05670062600814352,1,INVALID
momentum_decay_seed_42,2007-03-12,6.5963398981527e-24,-0.0063181568908278075,931920.9719400668,0.07341765824266511,1,INVALID
momentum_decay_seed_42,2007-03-13,6.5546631877709446e-24,0.007577767609361872,956485.7493708716,0.05955570867186588,1,INVALID
momentum_decay_seed_42,2007-03-14,6.6043329021655116e-24,-0.004967247027937055,944730.8964635045,0.06672491237749667,1,INVALID
momentum_decay_seed_42,2007-03-15,6.571527549185723e-24,-0.01271855184500885,951507.3184915509,0.07064105221644823,1,INVALID
momentum_decay_seed_42,2007-03-16,6.487947235350501e-24,-0.017867265938449103,1104351.075611089,0.05234173745478943,1,INVALID
momentum_decay_seed_42,2007-03-19,6.372025356701868e-24,0.0075938520883074324,894911.5757870883,0.030644657433246625,0,INVALID
momentum_decay_seed_42,2007-03-20,6.420413574763606e-24,0.005903205729863903,1078705.8879208812,0.031289199900520925,0,INVALID
momentum_decay_seed_42,2007-03-21,6.4583145969662455e-24,0.011697461809855168,983870.0849071173,0.028009600835656956,0,INVALID
momentum_decay_seed_42,2007-03-22,6.533860485320288e-24,0.004461410042476746,1260079.4810753537,0.02580683762088709,0,INVALID
momentum_decay_seed_42,2007-03-23,6.563010716105637e-24,0.0075042355440357675,1260976.5296612275,0.02390842940664828,0,INVALID
momentum_decay_seed_42,2007-03-26,6.6122610943973245e-24,-0.013438989116913337,895954.2941185441,0.02905025628004476,0,INVALID
momentum_decay_seed_42,2007-03-27,6.5233989895115295e-24,0.005460892308314287,1110811.169161425,0.008150191266915074,0,INVALID
momentum_decay_seed_42,2007-03-28,6.559022568877419e-24,-0.009363212750452935,1313398.4278741507,0.01746901464644024,0,INVALID
momentum_decay_seed_42,2007-03-29,6.497609045129997e-24,0.0045990026630777035,797233.4239677165,0.012459885102041435,0,INVALID
momentum_decay_seed_42,2007-03-30,6.527491566432188e-24,-0.01885761610571128,982365.5914295639,0.0016462702169246501,0,INVALID
momentum_decay_seed_42,2007-04-02,6.4043986363391424e-24,-0.018524229149889545,1098314.839370356,-0.012561135778840438,0,INVALID
momentum_decay_seed_42,2007-04-03,6.285762088432356e-24,0.013516813728601071,789532.6128012054,-0.023454254507812577,0,INVALID
momentum_decay_seed_42,2007-04-04,6.370725563723999e-24,-0.012156563684719617,1578097.1005277,-0.016468466018463412,0,INVALID
momentum_decay_seed_42,2007-04-05,6.293279432690716e-24,0.00042622523078705984,920951.5183382247,-0.024849158405006455,0,INVALID
momentum_decay_seed_42,2007-04-06,6.295961787169323e-24,-0.0049286894782440156,1560968.921364617,-0.033135303536159455,0,INVALID
momentum_decay_seed_42,2007-04-09,6.264930946553475e-24,0.015487255584628618,887611.6118059432,-0.050241339396721485,0,INVALID
momentum_decay_seed_42,2007-04-10,6.3619575333427985e-24,0.007222017089664575,910558.3573036727,-0.029399779806791204,0,INVALID
momentum_decay_seed_42,2007-04-11,6.407903699372321e-24,-0.0017123274409232623,691227.8698939001,-0.029742474478956615,0,INVALID
momentum_decay_seed_42,2007-04-12,6.396931270029092e-24,-0.010554337809557043,660406.8400323747,-0.02656859883030782,0,INVALID
momentum_decay_seed_42,2007-04-13,6.329415896460686e-24,-0.0004990539108671264,1233431.7668885593,-0.02443474540391366,0,INVALID
momentum_decay_seed_42,2007-04-16,6.326257176704053e-24,-0.007487496239809176,923322.7458359721,-0.0071826738651750155,0,INVALID
momentum_decay_seed_42,2007-04-17,6.278889349881415e-24,0.0030111316710069364,946329.9197892518,-0.02204285179360921,0,INVALID
momentum_decay_seed_42,2007-04-18,6.297795912461591e-24,-0.026251466840968022,1278553.1047079768,-0.024854578093804425,0,INVALID
momentum_decay_seed_42,2007-04-19,6.1324695318944214e-24,0.0015909624218900572,812255.5321457426,-0.06143243406064103,0,INVALID
momentum_decay_seed_42,2007-04-20,6.142226060473052e-24,0.00403376242526725,975587.1549933053,-0.06411457695779454,0,INVALID
momentum_decay_seed_42,2007-04-23,6.167002341163286e-24,-0.0030486786299340723,1069172.5927447195,-0.06733835020690782,0,INVALID
momentum_decay_seed_42,2007-04-24,6.148201132915028e-24,-0.002455014897355009,876592.2789417584,-0.057515699591540126,0,INVALID
momentum_decay_seed_42,2007-04-25,6.1331072075417866e-24,-0.0073200793290571445,1332671.517642913,-0.06493579750077427,0,INVALID
momentum_decay_seed_42,2007-04-26,6.088212376248969e-24,0.0018334221399842101,984420.9479391321,-0.06300727945272022,0,INVALID
momentum_decay_seed_42,2007-04-27,6.09937463961251e-24,-0.0030030825823631323,1477110.3787381025,-0.06558674530064224,0,INVALID
momentum_decay_seed_42,2007-04-30,6.081057713868982e-24,0.012319794032650223,1270869.9475061158,-0.05048731986099275,0,INVALID
momentum_decay_seed_42,2007-05-01,6.155975092404507e-24,-0.002107189790767625,984187.7805464721,-0.020647774160383103,0,INVALID
momentum_decay_seed_42,2007-05-02,6.143003284537572e-24,-0.0025582313424258236,921029.3110287131,-0.03574510892183402,0,INVALID
momentum_decay_seed_42,2007-05-03,6.127288060998443e-24,0.002310099772555139,1238077.7375522517,-0.02637597352344212,0,INVALID
momentum_decay_seed_42,2007-05-04,6.141442707754536e-24,-0.01125223510379835,1060586.8927318044,-0.024542569449783613,0,INVALID
momentum_decay_seed_42,2007-05-07,6.072337750530374e-24,0.0214344682477698,785156.2634078609,-0.030741471480871252,0,INVALID
momentum_decay_seed_42,2007-05-08,6.2024950812338516e-24,-0.007747719955783602,956517.2733787086,-0.025064997883624596,0,INVALID
momentum_decay_seed_42,2007-05-09,6.154439886317326e-24,0.002818085486835521,1430143.5035894413,-0.039554872380466954,0,INVALID
momentum_decay_seed_42,2007-05-10,6.1717836240405595e-24,-0.0013804707528153359,1155506.4459560462,-0.03519619587651257,0,INVALID
momentum_decay_seed_42,2007-05-11,6.163263657254867e-24,-0.0016958637249729037,923422.6201281982,-0.02625080132571611,0,INVALID
momentum_decay_seed_42,2007-05-14,6.152811601991085e-24,-0.0008792740941989748,707735.7123812657,-0.027416775807292182,0,INVALID
momentum_decay_seed_42,2007-05-15,6.147401594142967e-24,0.01850463233843754,1076815.7099291843,-0.0209412442888377,0,INVALID
momentum_decay_seed_42,2007-05-16,6.261157000479308e-24,-0.02334177042210305,1021732.5515087026,-0.0058177356795231505,0,INVALID
momentum_decay_seed_42,2007-05-17,6.115010511197376e-24,0.02739504133108306,976777.5318945373,-0.0028469804222006623,0,INVALID
momentum_decay_seed_42,2007-05-18,6.282531476891636e-24,-0.008108889438085886,1241836.7811675682,0.022842763362535434,0,INVALID
momentum_decay_seed_42,2007-05-21,6.231587123754227e-24,-0.007420134248897404,1159253.9232775185,0.010472637923266692,0,INVALID
momentum_decay_seed_42,2007-05-22,6.18534791071227e-24,-0.003483693632340722,712873.0820970249,0.006041893717232627,0,INVALID
momentum_decay_seed_42,2007-05-23,6.1638000535819095e-24,-0.01872155502433396,1023145.4019977786,0.005004452881955279,0,INVALID
momentum_decay_seed_42,2007-05-24,6.048404131719783e-24,0.00010335563182354726,750294.2450678558,-0.0065385768545925815,0,INVALID
momentum_decay_seed_42,2007-05-25,6.049029268350341e-24,0.003948112711460908,902990.4567562533,-0.008254185754585364,0,INVALID
momentum_decay_seed_42,2007-05-28,6.072911517696714e-24,0.007141137485533007,738106.5546368365,-0.0013396018514492125,0,INVALID
momentum_decay_seed_42,2007-05-29,6.1162790137820634e-24,0.0164273430193763,743832.2245136163,-0.006448381942191772,0,INVALID
momentum_decay_seed_42,2007-05-30,6.216753227143673e-24,-0.010925542703834126,651199.2792517353,0.01200551899292246,0,INVALID
momentum_decay_seed_42,2007-05-31,6.148831824281316e-24,0.01664233251497638,1109980.7809978076,0.003516035653685634,0,INVALID
momentum_decay_seed_42,2007-06-01,6.251162728079675e-24,0.005628579201823912,1081945.445425713,0.017865512314655385,0,INVALID
momentum_decay_seed_42,2007-06-04,6.2863478925981605e-24,-0.010263984541151934,1004393.8501951139,0.03524345167544318,0,INVALID
momentum_decay_seed_42,2007-06-05,6.22182491500823e-24,-0.012119097199812768,884675.3060965694,0.0031164609598581805,0,INVALID
momentum_decay_seed_42,2007-06-06,6.146422014103028e-24,0.004017489193197464,726383.2637558114,-0.001302778540761107,0,INVALID
momentum_decay_seed_42,2007-06-07,6.171115198121518e-24,0.003195540067233614,755183.5131284781,-0.00010830352451729475,0,INVALID
momentum_decay_seed_42,2007-06-08,6.19083524399663e-24,0.002963830201167547,722198.1815629962,0.004473536793985433,0,INVALID
momentum_decay_seed_42,2007-06-11,6.20918382846324e-24,0.014066155336506445,884997.3376881218,0.009162027072942225,0,INVALID
momentum_decay_seed_42,2007-06-12,6.296523172707328e-24,0.012357828929941415,1084294.693881165,0.024257660131792758,0,INVALID
momentum_decay_seed_42,2007-06-13,6.374334528929056e-24,0.0005614334024416728,827859.620767502,0.018076136477824134,0,INVALID
momentum_decay_seed_42,2007-06-14,6.3779132932519344e-24,-0.004136052427444181,782491.8362504143,0.042993022100804135,0,INVALID
momentum_decay_seed_42,2007-06-15,6.351533909493351e-24,-0.007258582206871393,936574.6433467342,0.010983221151460887,0,INVALID
momentum_decay_seed_42,2007-06-18,6.305430778471563e-24,-0.014135173236526528,737952.5774003495,0.011849895259564036,0,INVALID
momentum_decay_seed_42,2007-06-19,6.2163024220869404e-24,-0.010563464635034579,557140.9444707356,0.005004489936784484,0,INVALID
momentum_decay_seed_42,2007-06-20,6.1506367312905455e-24,-0.01598498532013283,1169847.588597092,-0.0021355855441342886,0,INVALID
momentum_decay_seed_42,2007-06-21,6.0523188934313966e-24,0.017908985712329153,710326.3891403008,0.000647238780074666,0,INVALID
momentum_decay_seed_42,2007-06-22,6.160709786020319e-24,0.003210460091648358,852890.5833494071,0.018462552041913716,0,INVALID
momentum_decay_seed_42,2007-06-25,6.180488498924564e-24,0.0066252612978128025,1174190.867081117,0.01771423491258961,0,INVALID
momentum_decay_seed_42,2007-06-26,6.221435850178066e-24,-0.002310596798994902,683465.8703931763,0.01719294299018226,0,INVALID
momentum_decay_seed_42,2007-06-27,6.207060620417493e-24,0.024463178589103234,667272.4688996711,-0.0015591107402913584,0,INVALID
momentum_decay_seed_42,2007-06-28,6.358905052888156e-24,-0.010478402188698202,671179.3997284366,0.03416473805272657,0,INVALID
momentum_decay_seed_42,2007-06-29,6.292273888264248e-24,-0.014966604767228804,770935.7719826001,0.0065765621489750625,0,INVALID
momentum_decay_seed_42,2007-07-02,6.1980999118914434e-24,0.024224479010834958,1402348.705092818,-0.014038036426622935,0,INVALID
momentum_decay_seed_42,2007-07-03,6.348245653114116e-24,-0.013204231468444102,887863.4859660539,0.020318916046791147,0,INVALID
momentum_decay_seed_42,2007-07-04,6.2644219480918536e-24,-0.002441087185221015,571648.2783715199,0.019198150357732313,0,INVALID
momentum_decay_seed_42,2007-07-05,6.249129947951549e-24,-0.006512961263601446,923955.5119033097,0.012641920840138932,0,INVALID
momentum_decay_seed_42,2007-07-06,6.208429606669328e-24,0.003951731428154863,1056903.9300486231,0.0028420014391046244,0,INVALID
momentum_decay_seed_42,2007-07-09,6.232963653065491e-24,-0.003161248719684872,1084122.4029404682,0.003829782666965542,0,INVALID
momentum_decay_seed_42,2007-07-10,6.213259704697396e-24,0.006658330978067159,759264.2115184173,-0.01322372136591865,0,INVALID
momentum_decay_seed_42,2007-07-11,6.2546296442639596e-24,0.008883575248346503,1003133.3385304179,-0.018779197125885383,0,INVALID
momentum_decay_seed_42,2007-07-12,6.3101931173593174e-24,-0.014217620690471156,1218376.0766697167,-0.010617920435554873,0,INVALID
momentum_decay_seed_42,2007-07-13,6.220477185133081e-24,-0.007555407187405284,698684.8115165923,-0.020633869900999136,0,INVALID
momentum_decay_seed_42,2007-07-16,6.1734789470994356e-24,0.0075525177597610075,767922.5847110975,-0.02092669573388173,0,INVALID
momentum_decay_seed_42,2007-07-17,6.220104256486915e-24,0.010991839937853107,1091799.681883874,0.0006115909654695884,0,INVALID
momentum_decay_seed_42,2007-07-18,6.288474646870977e-24,0.00208649581873369,1104200.6774102582,0.022410348977236705,0,INVALID
momentum_decay_seed_42,2007-07-19,6.301595522927886e-24,0.004697273397350485,1349767.6210604855,0.041186962201715804,0,INVALID
momentum_decay_seed_42,2007-07-20,6.331195839938598e-24,0.014804530339306855,1017170.9962713564,0.027673118819058873,0,INVALID
momentum_decay_seed_42,2007-07-23,6.424926220835063e-24,-0.0030434060491792165,1029213.811300806,0.0395499032079798,0,INVALID
momentum_decay_seed_42,2007-07-24,6.405372561509044e-24,0.007030254590454112,811025.4740498151,0.029564993638198978,0,INVALID
momentum_decay_seed_42,2007-07-25,6.450403961363162e-24,-0.0005058740143343007,1362420.143361352,0.03920427974317131,0,INVALID
momentum_decay_seed_42,2007-07-26,6.447140869617149e-24,-0.01970015031971576,1386772.2242221457,0.013875944992906897,0,INVALID
momentum_decay_seed_42,2007-07-27,6.320131225353309e-24,-0.0004009491210443619,986232.3099108251,0.004427228945169892,0,INVALID
momentum_decay_seed_42,2007-07-30,6.317597174293618e-24,0.02383861037981873,833810.9398893063,0.01927966055740926,0,INVALID
momentum_decay_seed_42,2007-07-31,6.468199911868247e-24,-0.004077307716044333,983588.0104493088,0.01889565484840494,0,INVALID
momentum_decay_seed_42,2007-08-01,6.44182707045867e-24,-0.020028137385258295,1006511.6374826394,0.028319472065711393,0,INVALID
momentum_decay_seed_42,2007-08-02,6.312809272879448e-24,0.009832399694454041,826986.4394797522,0.010190110536711261,0,INVALID
momentum_decay_seed_42,2007-08-03,6.3748793368452545e-24,-0.008288751628002715,854502.0830114614,0.02681027904337019,0,INVALID
momentum_decay_seed_42,2007-08-06,6.322039545363658e-24,0.01340254400951829,1387330.5168071124,0.014291097663365449,0,INVALID
momentum_decay_seed_42,2007-08-07,6.406770958600309e-24,-0.004551173340386673,1137971.8716461684,0.031144884183195165,0,INVALID
momentum_decay_seed_42,2007-08-08,6.377612633415564e-24,-0.00804149961574959,941889.0748468488,0.01966271324544211,0,INVALID
momentum_decay_seed_42,2007-08-09,6.3263270638745524e-24,-0.010444164883084323,779819.123017591,0.002556807092139568,0,INVALID
momentum_decay_seed_42,2007-08-10,6.260253860915128e-24,-0.010347209906847451,856831.8376963987,0.006394473381738708,0,INVALID
momentum_decay_seed_42,2007-08-13,6.195477700146087e-24,0.0021940266975390573,676430.0208687427,0.0035634288599926123,0,INVALID
momentum_decay_seed_42,2007-08-14,6.2090707436242154e-24,0.017007927584283166,1060402.8628618447,-0.0017738469337057472,0,INVALID
momentum_decay_seed_42,2007-08-15,6.314674169197467e-24,0.0029610058962327057,846128.0325721694,0.004166276211279074,0,INVALID
momentum_decay_seed_42,2007-08-16,6.333371956645249e-24,-0.002538375611255331,1081315.2722261485,0.005042601290696336,0,INVALID
momentum_decay_seed_42,2007-08-17,6.317295479733492e-24,0.007752291868507144,1204522.709995159,-0.0021955347072696307,0,INVALID
momentum_decay_seed_42,2007-08-20,6.3662689981119864e-24,-0.0025563970504779553,1085296.0140580826,-0.009129633665342363,0,INVALID
momentum_decay_seed_42,2007-08-21,6.3499942868226634e-24,-0.013677538987970592,914495.6872396761,-0.008645597762596657,0,INVALID
momentum_decay_seed_42,2007-08-22,6.2631419923912554e-24,-0.0062200752390168795,817520.3818013538,-0.029031045201753924,0,INVALID
momentum_decay_seed_42,2007-08-23,6.224184777965935e-24,0.0043992396668766426,755033.6655404967,-0.034582165359829276,0,INVALID
momentum_decay_seed_42,2007-08-24,6.2515664585351324e-24,-0.0090806243232915,1348721.3119293675,-0.010848630253613711,0,INVALID
momentum_decay_seed_42,2007-08-27,6.194798332093085e-24,-0.010341111395297102,1073431.320310586,-0.01943758660336925,0,INVALID
momentum_decay_seed_42,2007-08-28,6.13073723246951e-24,-0.006903295791777758,926602.5604446989,-0.05217258031551264,0,INVALID
momentum_decay_seed_42,2007-08-29,6.088414939932108e-24,-0.006787881738421783,1162384.9805844428,-0.05486209528151753,0,INVALID
momentum_decay_seed_42,2007-08-30,6.047087499345408e-24,-0.0024572077366219903,1287773.9445985996,-0.04209247611449496,0,INVALID
momentum_decay_seed_42,2007-08-31,6.0322285491579865e-24,-0.01253305262345163,850100.3077023507,-0.05375016052567927,0,INVALID
